airport_code,state,county,location_lat,location_lng,timezone
K04W,MN,Pine,46.0244,-92.8991,US/Central
K08D,ND,Mountrail,48.3008,-102.4064,US/Central
K1B7,LA,Plaquemines,29.354,-89.4359,US/Central
K1H2,IL,Effingham,39.0712,-88.5292,US/Central
K2D5,ND,Dickey,46.1731,-98.0799,US/Central
K3LF,IL,Montgomery,39.1605,-89.6742,US/Central
K3T5,TX,Fayette,29.908,-96.95,US/Central
K4A9,AL,DeKalb,34.4737,-85.7214,US/Central
K5C1,TX,Bexar,29.7239,-98.6946,US/Central
K6R3,TX,Liberty,30.3564,-95.008,US/Central
K7L2,ND,Emmons,46.218,-100.245,US/Central
K7R3,LA,St. Mary,29.6931,-91.0986,US/Central
K8D3,SD,Roberts,45.6689,-96.9914,US/Central
K96D,ND,Pembina,48.9402,-97.9053,US/Central
K9A4,AL,Lawrence,34.6594,-87.3488,US/Central
K9D7,ND,Towner,48.48,-99.236,US/Central
K9MN,MN,Olmsted,44.0206,-92.4829,US/Central
KAAA,IL,Logan,40.1589,-89.3389,US/Central
KABI,TX,Taylor,32.4113,-99.6819,US/Central
KABR,SD,Brown,45.4436,-98.4138,US/Central
KACQ,MN,Waseca,44.0702,-93.5534,US/Central
KACT,TX,McLennan,31.618,-97.2283,US/Central
KADM,OK,Carter,34.3007,-97.0089,US/Central
KADU,IA,Audubon,41.7014,-94.9205,US/Central
KAEX,LA,Rapides,31.3347,-92.5586,US/Central
KAFK,NE,Otoe,40.6065,-95.8635,US/Central
KAHQ,NE,Saunders,41.2406,-96.5946,US/Central
KAIG,WI,Langlade,45.1566,-89.1114,US/Central
KAIO,IA,Cass,41.4059,-95.0465,US/Central
KAIT,MN,Aitkin,46.549,-93.6757,US/Central
KAIZ,MO,Miller,38.1005,-92.5474,US/Central
KALO,IA,Black Hawk,42.5544,-92.4013,US/Central
KAMA,TX,Potter,35.2202,-101.7173,US/Central
KANW,NE,Brown,42.5748,-99.9983,US/Central
KAQP,MN,Swift,45.2249,-96.0041,US/Central
KARR,IL,Kane,41.7713,-88.4815,US/Central
KASG,AR,Washington,36.1802,-94.1175,US/Central
KASX,WI,Ashland,46.5468,-90.9184,US/Central
KATT,TX,Travis,30.3207,-97.7601,US/Central
KATW,WI,Outagamie,44.2595,-88.5157,US/Central
KAUH,NE,Hamilton,40.8941,-97.9946,US/Central
KAUO,AL,Lee,32.6151,-85.434,US/Central
KAUS,TX,Travis,30.1945,-97.6699,US/Central
KAUW,WI,Marathon,44.9276,-89.6251,US/Central
KAWG,IA,Washington,41.2752,-91.6748,US/Central
KAWM,AR,Crittenden,35.1351,-90.2344,US/Central
KAXN,MN,Douglas,45.868,-95.394,US/Central
KAXS,OK,Jackson,34.6986,-99.3381,US/Central
KBAC,ND,Barnes,46.9412,-98.018,US/Central
KBBB,MN,Swift,45.331,-95.6469,US/Central
KBBG,MO,Taney,36.5321,-93.2005,US/Central
KBBW,NE,Custer,41.4365,-99.6385,US/Central
KBCK,WI,Jackson,44.2507,-90.8553,US/Central
KBDE,MN,Lake of the Woods,48.7261,-94.6121,US/Central
KBDH,MN,Kandiyohi,45.1111,-95.1258,US/Central
KBEA,TX,Bee,28.3692,-97.7953,US/Central
KBIX,MS,Harrison,30.4104,-88.9244,US/Central
KBJI,MN,Beltrami,47.5076,-94.9278,US/Central
KBKD,TX,Stephens,32.719,-98.891,US/Central
KBKX,SD,Brookings,44.3048,-96.8169,US/Central
KBLV,IL,St. Clair,38.5452,-89.8352,US/Central
KBMI,IL,McLean,40.4774,-88.9143,US/Central
KBPK,AR,Baxter,36.3689,-92.4705,US/Central
KBRL,IA,Des Moines,40.7729,-91.1254,US/Central
KBRO,TX,Cameron,25.9146,-97.4231,US/Central
KBVE,LA,Plaquemines,29.3333,-89.4075,US/Central
KBVN,NE,Boone,41.7302,-98.0545,US/Central
KBVO,OK,Osage,36.7664,-96.0129,US/Central
KBWG,KY,Warren,36.9645,-86.4197,US/Central
KBYH,AR,Mississippi,35.9643,-89.9439,US/Central
KBYY,TX,Matagorda,28.9731,-95.8633,US/Central
KC29,WI,Dane,43.1153,-89.5311,US/Central
KC35,WI,Sauk,43.5264,-89.981,US/Central
KC75,IL,Marshall,41.0231,-89.3885,US/Central
KCAV,IA,Wright,42.743,-93.7592,US/Central
KCBK,KS,Thomas,39.43,-101.0511,US/Central
KCDH,AR,Ouachita,33.6228,-92.7634,US/Central
KCDJ,MO,Livingston,39.8233,-93.5792,US/Central
KCDS,TX,Childress,34.4275,-100.2833,US/Central
KCEW,FL,Okaloosa,30.7771,-86.5194,US/Central
KCEY,KY,Calloway,36.6646,-88.3728,US/Central
KCFD,TX,Brazos,30.7157,-96.3314,US/Central
KCFV,KS,Montgomery,37.0912,-95.5726,US/Central
KCGI,MO,Scott,37.2253,-89.5708,US/Central
KCKC,MN,Cook,47.8366,-90.3864,US/Central
KCKM,MS,Coahoma,34.2997,-90.5123,US/Central
KCKN,MN,Polk,47.8404,-96.6201,US/Central
KCKP,IA,Cherokee,42.7317,-95.5558,US/Central
KCLK,OK,Custer,35.5381,-98.9336,US/Central
KCMI,IL,Champaign,40.0324,-88.2755,US/Central
KCMY,WI,Monroe,43.9581,-90.7397,US/Central
KCNB,MN,Yellow Medicine,44.7297,-96.2623,US/Central
KCNK,KS,Cloud,39.5513,-97.6508,US/Central
KCNW,TX,McLennan,31.6531,-97.0707,US/Central
KCOQ,MN,Carlton,46.6987,-92.5034,US/Central
KCOT,TX,La Salle,28.4567,-99.2183,US/Central
KCOU,MO,Boone,38.8169,-92.2183,US/Central
KCQB,OK,Lincoln,35.7238,-96.8203,US/Central
KCQF,AL,Baldwin,30.46,-87.877,US/Central
KCQM,MN,St. Louis,47.82,-92.6817,US/Central
KCUH,OK,Payne,35.9499,-96.7731,US/Central
KCWA,WI,Marathon,44.7794,-89.671,US/Central
KCWC,TX,Wichita,33.8606,-98.4904,US/Central
KCWF,LA,Calcasieu,30.2106,-93.1432,US/Central
KCWI,IA,Clinton,41.8295,-90.3328,US/Central
KD25,WI,Vilas,46.1204,-89.8802,US/Central
KD50,ND,Divide,48.929,-103.297,US/Central
KDCU,AL,Limestone,34.6525,-86.9453,US/Central
KDDC,KS,Ford,37.7608,-99.9683,US/Central
KDEC,IL,Macon,39.8308,-88.8719,US/Central
KDEQ,AR,Sevier,34.047,-94.3994,US/Central
KDHN,AL,Dale,31.3213,-85.4496,US/Central
KDHT,TX,Hartley,36.0252,-102.5487,US/Central
KDKB,IL,DeKalb,41.9338,-88.7066,US/Central
KDLF,TX,Val Verde,29.3665,-100.7847,US/Central
KDLH,MN,St. Louis,46.8435,-92.1866,US/Central
KDLL,WI,Sauk,43.5237,-89.7734,US/Central
KDNV,IL,Vermilion,40.2031,-87.5897,US/Central
KDRI,LA,Beauregard,30.8317,-93.3399,US/Central
KDSM,IA,Polk,41.534,-93.6531,US/Central
KDTO,TX,Denton,33.205,-97.2006,US/Central
KDVL,ND,Ramsey,48.1142,-98.9088,US/Central
KDYA,AL,Marengo,32.4638,-87.954,US/Central
KDYR,TN,Dyer,35.998,-89.4066,US/Central
KDYT,MN,St. Louis,46.7245,-92.0445,US/Central
KE11,TX,Andrews,32.3311,-102.5294,US/Central
KE38,TX,Brewster,30.3842,-103.6836,US/Central
KEBG,TX,Hidalgo,26.4417,-98.1222,US/Central
KEDC,TX,Travis,30.3925,-97.5621,US/Central
KEGV,WI,Vilas,45.9309,-89.267,US/Central
KEKQ,KY,Wayne,36.8553,-84.8561,US/Central
KEMP,KS,Lyon,38.3289,-96.1939,US/Central
KENL,IL,Marion,38.5095,-89.09,US/Central
KENW,WI,Kenosha,42.595,-87.9381,US/Central
KEOK,IA,Lee,40.4615,-91.4274,US/Central
KEUF,AL,Barbour,31.9516,-85.1312,US/Central
KEVM,MN,St. Louis,47.4274,-92.4972,US/Central
KEWK,KS,Harvey,38.0582,-97.2745,US/Central
KEZS,WI,Shawano,44.7871,-88.564,US/Central
KF44,TX,Henderson,32.1638,-95.8284,US/Central
KF46,TX,Rockwall,32.9322,-96.4348,US/Central
KFAM,MO,St. Francois,37.7626,-90.4293,US/Central
KFAR,ND,Cass,46.9112,-96.8147,US/Central
KFDR,OK,Tillman,34.3444,-98.9831,US/Central
KFEP,IL,Stephenson,42.2475,-89.581,US/Central
KFET,NE,Dodge,41.4489,-96.52,US/Central
KFFL,IA,Jefferson,41.0521,-91.9834,US/Central
KFLD,WI,Fond du Lac,43.7696,-88.4907,US/Central
KFLP,AR,Marion,36.2925,-92.5851,US/Central
KFOA,IL,Clay,38.6673,-88.4527,US/Central
KFOD,IA,Webster,42.5512,-94.1918,US/Central
KFOE,KS,Shawnee,38.9509,-95.6636,US/Central
KFRI,KS,Geary,39.0559,-96.7617,US/Central
KFSD,SD,Minnehaha,43.5769,-96.7536,US/Central
KFSE,MN,Polk,47.5928,-95.7735,US/Central
KFSM,AR,Sebastian,35.3335,-94.3652,US/Central
KFTN,TX,Dimmit County,28.209,-100.019,US/Central
KFWD,TX,Tarrant,32.835,-97.2986,US/Central
KFXY,IA,Hancock,43.2348,-93.6241,US/Central
KGAF,ND,Walsh,48.4047,-97.3709,US/Central
KGAG,OK,Ellis,36.2967,-99.7689,US/Central
KGBG,IL,Knox,40.9329,-90.4334,US/Central
KGCK,KS,Finney,37.9275,-100.7244,US/Central
KGDJ,TX,Hood,32.4444,-97.8169,US/Central
KGFK,ND,Grand Forks,47.9492,-97.1761,US/Central
KGLE,TX,Cooke,33.6514,-97.1969,US/Central
KGMJ,OK,Delaware,36.605,-94.7383,US/Central
KGNA,MN,Cook,47.7453,-90.3457,US/Central
KGOK,OK,Logan,35.8517,-97.4142,US/Central
KGOP,TX,Coryell,31.4213,-97.797,US/Central
KGPH,MO,Clay,39.3325,-94.3096,US/Central
KGPM,TX,Tarrant,32.6988,-97.0469,US/Central
KGPZ,MN,Itasca,47.2111,-93.5097,US/Central
KGRB,WI,Brown,44.4794,-88.1367,US/Central
KGTR,MS,Lowndes,33.4503,-88.5914,US/Central
KGWO,MS,Carroll,33.4943,-90.0847,US/Central
KGYB,TX,Lee,30.1715,-96.9784,US/Central
KGYL,MN,McLeod,44.7588,-94.0905,US/Central
KH21,MO,Camden,37.974,-92.691,US/Central
KHBG,MS,Forrest,31.2694,-89.2561,US/Central
KHBV,TX,Jim Hogg,27.3496,-98.7369,US/Central
KHCO,MN,Kittson,48.7525,-96.9376,US/Central
KHDE,NE,Phelps,40.4521,-99.3365,US/Central
KHDO,TX,Medina,29.3594,-99.1742,US/Central
KHEY,AL,Dale County,31.346,-85.6543,US/Central
KHFJ,MO,Barry,36.9062,-94.0128,US/Central
KHKA,AR,Mississippi,35.9404,-89.8308,US/Central
KHKS,MS,Hinds,32.3348,-90.2225,US/Central
KHLC,KS,Graham,39.3747,-99.8297,US/Central
KHLR,TX,Bell,31.1387,-97.7145,US/Central
KHNR,IA,Shelby,41.5844,-95.3397,US/Central
KHOU,TX,Harris,29.6375,-95.2824,US/Central
KHRT,FL,Okaloosa,30.4278,-86.6893,US/Central
KHSA,MS,Hancock,30.3678,-89.4547,US/Central
KHSV,AL,Madison,34.6439,-86.7861,US/Central
KHUA,AL,Madison,34.6787,-86.6848,US/Central
KHUT,KS,Reno,38.0655,-97.8606,US/Central
KHYR,WI,Sawyer,46.0303,-91.4426,US/Central
KHYS,KS,Ellis,38.8391,-99.2742,US/Central
KHZX,MN,Aitkin,46.619,-93.3127,US/Central
KIBM,NE,Kimball,41.1881,-103.6774,US/Central
KICL,IA,Page,40.7242,-95.0222,US/Central
KICR,SD,Tripp,43.3906,-99.8422,US/Central
KIDP,KS,Montgomery,37.1584,-95.7784,US/Central
KIER,LA,Natchitoches,31.7358,-93.0992,US/Central
KIFA,IA,Hardin,42.4708,-93.27,US/Central
KIIB,IA,Buchanan,42.4536,-91.9476,US/Central
KIKV,IA,Polk,41.6878,-93.5694,US/Central
KINJ,TX,Hill,32.0843,-97.0958,US/Central
KINL,MN,Koochiching,48.5594,-93.3956,US/Central
KIOW,IA,Johnson,41.6394,-91.5445,US/Central
KIRK,MO,Adair,40.0966,-92.547,US/Central
KIYA,LA,Vermilion,29.9761,-92.0825,US/Central
KJAN,MS,Rankin,32.3197,-90.0775,US/Central
KJAS,TX,Jasper,30.8857,-94.0349,US/Central
KJEF,MO,Callaway,38.5912,-92.1561,US/Central
KJFX,AL,Walker,33.902,-87.314,US/Central
KJKJ,MN,Clay,46.8404,-96.6544,US/Central
KJLN,MO,Jasper,37.1522,-94.4952,US/Central
KJMR,MN,Kanabec,45.8886,-93.269,US/Central
KJMS,ND,Stutsman,46.9258,-98.6691,US/Central
KJOT,IL,Will,41.5175,-88.179,US/Central
KJWG,OK,Blaine,35.8628,-98.4225,US/Central
KJXI,TX,Upshur,32.699,-94.9489,US/Central
KJYG,MN,Watonwan,43.9856,-94.553,US/Central
KJYR,NE,York,40.8967,-97.6228,US/Central
KLAW,OK,Comanche,34.5575,-98.4167,US/Central
KLBX,TX,Brazoria,29.1154,-95.4632,US/Central
KLCG,NE,Wayne,42.2419,-96.9814,US/Central
KLCH,LA,Calcasieu,30.1256,-93.2277,US/Central
KLFK,TX,Angelina,31.2359,-94.7546,US/Central
KLHB,TX,Robertson,30.8721,-96.6222,US/Central
KLIT,AR,Pulaski,34.7273,-92.2357,US/Central
KLJF,MN,Meeker,45.0949,-94.5084,US/Central
KLNR,WI,Sauk,43.2111,-90.1873,US/Central
KLOR,AL,Dale,31.3558,-85.7511,US/Central
KLOT,IL,Will,41.6031,-88.1016,US/Central
KLRD,TX,Webb,27.5437,-99.4616,US/Central
KLRJ,IA,Plymouth,42.7748,-96.1924,US/Central
KLSE,WI,La Crosse,43.8792,-91.253,US/Central
KLTS,OK,Jackson,34.6665,-99.2681,US/Central
KLUM,WI,Dunn,44.8936,-91.8665,US/Central
KLVN,MN,Dakota,44.6252,-93.2273,US/Central
KLWV,IL,Lawrence,38.7605,-87.599,US/Central
KLXL,MN,Morrison,45.9509,-94.3441,US/Central
KLXT,MO,Jackson,38.9597,-94.3714,US/Central
KLYV,MN,Rock,43.6217,-96.2139,US/Central
KM16,MS,Hinds,32.3033,-90.4085,US/Central
KM19,AR,Jackson,35.643,-91.1735,US/Central
KM25,KY,Graves,36.7696,-88.5847,US/Central
KM30,IL,Massac,37.1824,-88.7489,US/Central
KMAI,FL,Jackson,30.837,-85.1835,US/Central
KMCI,MO,Platte,39.2972,-94.7306,US/Central
KMCJ,TX,Harris,29.714,-95.395,US/Central
KMCW,IA,Cerro Gordo,43.1544,-93.3261,US/Central
KMDD,TX,Midland,32.0365,-102.101,US/Central
KMDH,IL,Jackson,37.7833,-89.2453,US/Central
KMDQ,AL,Madison,34.8614,-86.5572,US/Central
KMDS,SD,Lake,44.016,-97.086,US/Central
KMDZ,WI,Taylor,45.1046,-90.3025,US/Central
KMEM,TN,Shelby,35.0564,-89.9863,US/Central
KMEZ,AR,Polk,34.5453,-94.2025,US/Central
KMFI,WI,Wood,44.6381,-90.1875,US/Central
KMGG,MN,Wright,45.2353,-93.9896,US/Central
KMHE,SD,Davison,43.7748,-98.0386,US/Central
KMIC,MN,Hennepin,45.0625,-93.3508,US/Central
KMIW,IA,Marshall,42.1106,-92.9161,US/Central
KMJQ,MN,Jackson,43.6496,-94.9884,US/Central
KMKC,MO,Clay,39.1209,-94.5972,US/Central
KMKN,TX,Comanche,31.924,-98.5977,US/Central
KMKO,OK,Muskogee,35.6577,-95.3658,US/Central
KMLE,NE,Douglas,41.196,-96.1123,US/Central
KMML,MN,Lyon,44.4505,-95.8219,US/Central
KMNE,LA,Webster,32.646,-93.298,US/Central
KMNM,MI,Menominee,45.1263,-87.6444,US/Central
KMOB,AL,Mobile,30.6883,-88.2456,US/Central
KMOT,ND,Ward,48.252,-101.2689,US/Central
KMQB,IL,McDonough,40.5176,-90.6481,US/Central
KMRF,TX,Presidio,30.3707,-104.0118,US/Central
KMRJ,WI,Iowa,42.8875,-90.2315,US/Central
KMTO,IL,Coles,39.4743,-88.2723,US/Central
KMTW,WI,Manitowoc,44.1288,-87.6806,US/Central
KMVE,MN,Chippewa,44.9675,-95.7116,US/Central
KMWL,TX,Parker,32.7816,-98.0602,US/Central
KMWT,AR,Montgomery,34.5467,-93.5781,US/Central
KMXO,IA,Jones,42.2204,-91.1604,US/Central
KMZH,MN,Pine,46.4163,-92.8049,US/Central
KN60,ND,McLean,47.6458,-101.4394,US/Central
KNDZ,FL,Santa Rosa,30.7044,-87.0231,US/Central
KNEW,LA,Orleans,30.0494,-90.0289,US/Central
KNFJ,FL,Santa Rosa,30.5069,-86.9597,US/Central
KNGP,TX,Nueces,27.6926,-97.2911,US/Central
KNMM,MS,Lauderdale,32.5521,-88.5556,US/Central
KNOG,TX,Jim Wells,27.8947,-98.0425,US/Central
KNQA,TN,Shelby,35.3567,-89.8703,US/Central
KOCQ,WI,Oconto,44.8742,-87.9096,US/Central
KODO,TX,Ector,31.9206,-102.3867,US/Central
KOEO,WI,Polk,45.3108,-92.6948,US/Central
KOJA,OK,Custer,35.5448,-98.6685,US/Central
KOKC,OK,Oklahoma,35.3886,-97.6003,US/Central
KOKK,IN,Howard,40.5282,-86.059,US/Central
KOLU,NE,Platte,41.448,-97.3426,US/Central
KOLV,MS,DeSoto,34.9787,-89.7869,US/Central
KOLZ,IA,Fayette,42.6832,-91.9759,US/Central
KOOA,IA,Mahaska,41.2261,-92.4938,US/Central
KORB,MN,St. Louis,48.0171,-92.8538,US/Central
KORD,IL,DuPage,41.9875,-87.9319,US/Central
KORG,TX,Orange,30.0692,-93.8036,US/Central
KOSH,WI,Winnebago,43.967,-88.5581,US/Central
KOTG,MN,Nobles,43.6551,-95.5792,US/Central
KOVS,WI,Grant,43.1561,-90.6775,US/Central
KOWA,MN,Steele,44.1191,-93.2569,US/Central
KOWB,KY,Daviess,37.7388,-87.1668,US/Central
KOXV,IA,Marion,41.2984,-93.1114,US/Central
KPAH,KY,McCracken,37.0564,-88.7739,US/Central
KPBH,WI,Price,45.7064,-90.4052,US/Central
KPEA,IA,Marion,41.3989,-92.9431,US/Central
KPEQ,TX,Reeves,31.3824,-103.5107,US/Central
KPIA,IL,Peoria,40.6675,-89.6839,US/Central
KPIL,TX,Cameron,26.1597,-97.3378,US/Central
KPIR,SD,Hughes,44.3827,-100.286,US/Central
KPKV,TX,Calhoun,28.6516,-96.682,US/Central
KPNM,MN,Mille Lacs,45.5643,-93.608,US/Central
KPOE,LA,Vernon,31.0448,-93.1916,US/Central
KPPF,KS,Labette,37.3278,-95.5042,US/Central
KPPO,IN,LaPorte,41.5725,-86.7345,US/Central
KPRG,IL,Edgar,39.6982,-87.6669,US/Central
KPSX,TX,Matagorda,28.7248,-96.2535,US/Central
KPWC,MN,Cass,46.7265,-94.3849,US/Central
KPWG,TX,McLennan,31.4849,-97.3165,US/Central
KRAC,WI,Racine,42.7586,-87.8178,US/Central
KRAS,TX,Nueces,27.8118,-97.0888,US/Central
KRBD,TX,Dallas,32.6809,-96.8682,US/Central
KRCM,MO,Johnson,38.7842,-93.8029,US/Central
KRFI,TX,Rusk,32.1441,-94.8539,US/Central
KRGK,WI,Pierce,44.5926,-92.4844,US/Central
KRHI,WI,Oneida,45.6317,-89.4822,US/Central
KRKP,TX,Aransas,28.0837,-97.0466,US/Central
KRKR,OK,Le Flore,35.0187,-94.6202,US/Central
KRND,TX,Bexar,29.5297,-98.2789,US/Central
KRNV,MS,Bolivar,33.7611,-90.7579,US/Central
KRPH,TX,Young,33.11,-98.5553,US/Central
KRPJ,IL,Ogle,41.8906,-89.0817,US/Central
KRQO,OK,Canadian,35.4728,-98.0058,US/Central
KRRT,MN,Roseau,48.9318,-95.3405,US/Central
KRSN,LA,Lincoln,32.5144,-92.5883,US/Central
KRST,MN,Olmsted,43.9042,-92.4917,US/Central
KRSV,IL,Crawford,39.0136,-87.6485,US/Central
KRUG,ND,Pierce,48.3904,-100.0243,US/Central
KRWF,MN,Redwood,44.5483,-95.0804,US/Central
KRWV,TX,Burleson,30.5155,-96.7041,US/Central
KRYV,WI,Jefferson,43.1702,-88.725,US/Central
KRZL,IN,Jasper,40.9479,-87.1826,US/Central
KS25,ND,McKenzie,47.7966,-103.2552,US/Central
KSAR,IL,Randolph,38.1462,-89.7024,US/Central
KSAT,TX,Bexar,29.5337,-98.4698,US/Central
KSAZ,MN,Wadena,46.3809,-94.8066,US/Central
KSBM,WI,Sheboygan,43.7748,-87.849,US/Central
KSFY,IL,Carroll,42.0454,-90.1101,US/Central
KSGF,MO,Greene,37.2457,-93.3886,US/Central
KSGT,AR,Prairie,34.5995,-91.575,US/Central
KSHV,LA,Caddo,32.4469,-93.8242,US/Central
KSKF,TX,Bexar,29.3842,-98.5811,US/Central
KSLG,AR,Benton,36.1919,-94.49,US/Central
KSLN,KS,Saline,38.8042,-97.6488,US/Central
KSNK,TX,Scurry,32.6934,-100.9505,US/Central
KSPF,SD,Lawrence,44.4804,-103.788,US/Central
KSQI,IL,Whiteside,41.7432,-89.6655,US/Central
KSRB,TN,White,36.0528,-85.5359,US/Central
KSRC,AR,White,35.2135,-91.7393,US/Central
KSRE,OK,Seminole,35.2747,-96.6752,US/Central
KSSF,TX,Bexar,29.3389,-98.4717,US/Central
KSTF,MS,Oktibbeha,33.4331,-88.8486,US/Central
KSTJ,MO,Buchanan,39.7719,-94.9097,US/Central
KSTP,MN,Ramsey,44.9324,-93.0559,US/Central
KSUS,MO,St. Louis County,38.6572,-90.6558,US/Central
KSUW,WI,Douglas,46.6833,-92.0925,US/Central
KSUX,IA,Woodbury,42.3914,-96.3792,US/Central
KSWO,OK,Payne,36.1622,-97.0892,US/Central
KT35,TX,Milam,30.8794,-96.9711,US/Central
KT43,TX,San Patricio,27.9132,-97.2132,US/Central
KTME,TX,Waller,29.805,-95.8979,US/Central
KTNU,IA,Jasper,41.6701,-93.019,US/Central
KTOB,MN,Dodge,44.0203,-92.8295,US/Central
KTOP,KS,Shawnee,39.0725,-95.6261,US/Central
KTQE,NE,Burt,41.7635,-96.1779,US/Central
KTQH,OK,Cherokee,35.9301,-95.0025,US/Central
KTRL,TX,Kaufman,32.7092,-96.2674,US/Central
KTUL,OK,Tulsa,36.1984,-95.8881,US/Central
KTUP,MS,Lee,34.2622,-88.7713,US/Central
KTVF,MN,Pennington,48.0597,-96.1788,US/Central
KTVR,LA,Madison,32.3481,-91.0299,US/Central
KTYR,TX,Smith,32.3541,-95.4024,US/Central
KUIN,IL,Adams,39.9371,-91.1966,US/Central
KUKL,KS,Coffey,38.3025,-95.725,US/Central
KUNO,MO,Howell,36.8792,-91.9052,US/Central
KUNU,WI,Dodge,43.4285,-88.7017,US/Central
KVBT,AR,Benton,36.3444,-94.2211,US/Central
KVCT,TX,Victoria County,28.8625,-96.9297,US/Central
KVER,MO,Cooper,38.9467,-92.6827,US/Central
KVKS,MS,Warren,32.2393,-90.9284,US/Central
KVTI,IA,Benton,42.2186,-92.0258,US/Central
KVTN,NE,Cherry,42.8586,-100.5514,US/Central
KVVV,MN,Big Stone,45.3057,-96.4244,US/Central
KWLD,KS,Cowley,37.1681,-97.0369,US/Central
KWWR,OK,Woodward,36.4367,-99.5208,US/Central
KXVG,MN,Cass,46.99,-94.2039,US/Central
KY23,WI,Barron,45.3106,-91.6381,US/Central
KYKN,SD,Yankton,42.9167,-97.3859,US/Central
K0VG,VA,Lee,36.6541,-83.2178,US/Eastern
K12N,NJ,Sussex,41.0093,-74.7363,US/Eastern
K19A,GA,Jackson,34.174,-83.5607,US/Eastern
K1J0,FL,Holmes,30.8458,-85.6014,US/Eastern
K1P1,NH,Grafton,43.7771,-71.756,US/Eastern
K1V4,VT,Caledonia,44.4201,-72.0193,US/Eastern
K27A,GA,Elbert,34.095,-82.8158,US/Eastern
K2G4,MD,Garrett,39.5827,-79.3418,US/Eastern
K2W6,MD,St. Mary's,38.3154,-76.5501,US/Eastern
K3I2,WV,Mason,38.9146,-82.0986,US/Eastern
K3J7,GA,Greene,33.5978,-83.1389,US/Eastern
K40J,FL,Taylor,30.0719,-83.5736,US/Eastern
K42J,FL,Clay,29.8448,-82.0475,US/Eastern
K48I,WV,Braxton,38.6869,-80.6517,US/Eastern
K4I3,OH,Knox,40.3268,-82.5201,US/Eastern
K5W8,NC,Chatham,35.704,-79.504,US/Eastern
K9A1,GA,Newton,33.6325,-83.8496,US/Eastern
KABE,PA,Lehigh,40.6499,-75.4477,US/Eastern
KACJ,GA,Sumter,32.1108,-84.1888,US/Eastern
KACY,NJ,Atlantic,39.452,-74.567,US/Eastern
KADG,MI,Lenawee,41.8678,-84.0794,US/Eastern
KADW,MD,Prince George's,38.8108,-76.867,US/Eastern
KAFJ,PA,Washington,40.1365,-80.2902,US/Eastern
KAFN,NH,Cheshire,42.8067,-72.0013,US/Eastern
KAFP,NC,Anson,35.0194,-80.0784,US/Eastern
KAHN,GA,Clarke,33.9486,-83.3263,US/Eastern
KAID,IN,Madison,40.1061,-85.6098,US/Eastern
KAIK,SC,Aiken,33.6509,-81.6821,US/Eastern
KAKQ,VA,Sussex,36.9827,-77.0014,US/Eastern
KAKR,OH,Summit,41.0375,-81.4642,US/Eastern
KAMG,GA,Bacon,31.5401,-82.5074,US/Eastern
KAMN,MI,Gratiot,43.3221,-84.6879,US/Eastern
KANJ,MI,Chippewa,46.4794,-84.3572,US/Eastern
KANQ,IN,Steuben,41.6404,-85.0851,US/Eastern
KAOH,OH,Allen,40.7081,-84.0214,US/Eastern
KAPG,MD,Harford,39.4662,-76.1688,US/Eastern
KART,NY,Jefferson,43.9888,-76.0262,US/Eastern
KARW,SC,Beaufort,32.4122,-80.6344,US/Eastern
KASJ,NC,Hertford,36.2975,-77.1708,US/Eastern
KATL,GA,Clayton,33.6301,-84.4418,US/Eastern
KAUG,ME,Kennebec,44.3207,-69.7973,US/Eastern
KAZO,MI,Kalamazoo,42.2283,-85.546,US/Eastern
KBAK,IN,Bartholomew,39.2619,-85.8963,US/Eastern
KBAX,MI,Huron,43.7774,-82.9827,US/Eastern
KBBP,SC,Marlboro,34.6217,-79.7344,US/Eastern
KBCT,FL,Palm Beach,26.3785,-80.1077,US/Eastern
KBDL,CT,Hartford,41.9389,-72.6832,US/Eastern
KBDR,CT,Fairfield,41.1642,-73.1266,US/Eastern
KBEH,MI,Berrien,42.129,-86.4151,US/Eastern
KBGF,TN,Franklin,35.1775,-86.0662,US/Eastern
KBGM,NY,Broome,42.2068,-75.9799,US/Eastern
KBHB,ME,Hancock,44.4498,-68.3616,US/Eastern
KBIJ,GA,Early,31.3975,-84.8948,US/Eastern
KBKV,FL,Hernando,28.4739,-82.4537,US/Eastern
KBLF,WV,Mercer,37.2958,-81.2077,US/Eastern
KBLM,NJ,Monmouth,40.1822,-74.1207,US/Eastern
KBMG,IN,Monroe,39.1432,-86.6168,US/Eastern
KBNL,SC,Barnwell,33.2578,-81.3883,US/Eastern
KBOS,MA,Suffolk,42.3606,-71.0097,US/Eastern
KBTL,MI,Calhoun,42.312,-85.2414,US/Eastern
KBTV,VT,Chittenden,44.4682,-73.1498,US/Eastern
KBWI,MD,Anne Arundel,39.1733,-76.684,US/Eastern
KCAD,MI,Wexford,44.2785,-85.4207,US/Eastern
KCAK,OH,Summit,40.9181,-81.4434,US/Eastern
KCCO,GA,Coweta,33.3116,-84.7698,US/Eastern
KCDW,NJ,Essex,40.8764,-74.2828,US/Eastern
KCEF,MA,Hampden,42.194,-72.5348,US/Eastern
KCEU,SC,Oconee,34.6722,-82.8814,US/Eastern
KCFS,MI,Tuscola,43.4588,-83.4455,US/Eastern
KCGC,FL,Citrus,28.866,-82.5741,US/Eastern
KCGF,OH,Cuyahoga,41.5651,-81.4864,US/Eastern
KCHA,TN,Hamilton,35.0353,-85.2038,US/Eastern
KCHO,VA,Albemarle,38.1374,-78.4552,US/Eastern
KCHS,SC,Charleston,32.8986,-80.0405,US/Eastern
KCIU,MI,Chippewa,46.2532,-84.4771,US/Eastern
KCKF,GA,Crisp,31.9888,-83.7739,US/Eastern
KCKI,SC,Williamsburg,33.7172,-79.857,US/Eastern
KCNI,GA,Cherokee,34.3122,-84.4222,US/Eastern
KCOF,FL,Brevard,28.2422,-80.608,US/Eastern
KCON,NH,Merrimack,43.2049,-71.5026,US/Eastern
KCPK,VA,Chesapeake,36.6656,-76.3206,US/Eastern
KCQW,SC,Chesterfield,34.7128,-79.9622,US/Eastern
KCQX,MA,Barnstable,41.6875,-69.9933,US/Eastern
KCRE,SC,Horry,33.8162,-78.7204,US/Eastern
KCRG,FL,Duval,30.3371,-81.5127,US/Eastern
KCRW,WV,Kanawha,38.3794,-81.5914,US/Eastern
KCTZ,NC,Sampson,34.9752,-78.3628,US/Eastern
KCUB,SC,Richland,33.972,-80.9938,US/Eastern
KCVG,KY,Boone,39.0446,-84.6723,US/Eastern
KCVX,MI,Charlevoix,45.3047,-85.2747,US/Eastern
KCWN,CO,El Paso,38.75,-104.85,US/Eastern
KCWV,GA,Evans,32.1951,-81.8696,US/Eastern
KD95,MI,Lapeer,43.0665,-83.2716,US/Eastern
KDAY,OH,Montgomery,39.9061,-84.2186,US/Eastern
KDBN,GA,Laurens,32.5633,-82.9854,US/Eastern
KDCA,VA,Arlington,38.8472,-77.0345,US/Eastern
KDCY,IN,Daviess,38.7004,-87.1297,US/Eastern
KDDH,VT,Bennington,42.8935,-73.2486,US/Eastern
KDET,MI,Wayne,42.4073,-83.0089,US/Eastern
KDFI,OH,Defiance,41.3357,-84.4285,US/Eastern
KDKK,NY,Chautauqua,42.4932,-79.2762,US/Eastern
KDLZ,OH,Delaware,40.2797,-83.1148,US/Eastern
KDMW,MD,Carroll,39.6083,-77.0077,US/Eastern
KDNN,GA,Whitfield,34.7217,-84.8689,US/Eastern
KDQH,GA,Coffee,31.4767,-82.8606,US/Eastern
KDRM,MI,Chippewa,46.0072,-83.7427,US/Eastern
KDSV,NY,Livingston,42.5709,-77.7131,US/Eastern
KDTW,MI,Wayne,42.2314,-83.3308,US/Eastern
KDUH,MI,Monroe,41.7358,-83.6553,US/Eastern
KDUJ,PA,Jefferson,41.1795,-78.8933,US/Eastern
KDXR,CT,Fairfield,41.3715,-73.4822,US/Eastern
KDYL,PA,Bucks,40.3302,-75.1229,US/Eastern
KDZJ,GA,Union,34.8544,-83.9973,US/Eastern
KECP,FL,Bay,30.349,-85.788,US/Eastern
KEDJ,OH,Logan,40.3723,-83.8192,US/Eastern
KEFK,VT,Orleans,44.8888,-72.2292,US/Eastern
KEKN,WV,Randolph,38.8853,-79.8528,US/Eastern
KELM,NY,Chemung,42.1599,-76.8916,US/Eastern
KEMV,VA,Greensville,36.6869,-77.4828,US/Eastern
KERY,MI,Luce,46.3111,-85.4572,US/Eastern
KESC,MI,Delta,45.7227,-87.0937,US/Eastern
KETC,NC,Edgecombe,35.9373,-77.5465,US/Eastern
KEYE,IN,Marion,39.825,-86.2958,US/Eastern
KEYW,FL,Monroe,24.5571,-81.7554,US/Eastern
KFAF,VA,Newport News,37.1325,-76.6088,US/Eastern
KFDW,SC,Fairfield,34.315,-81.109,US/Eastern
KFDY,OH,Hancock,41.0136,-83.6686,US/Eastern
KFFC,GA,Fayette,33.3544,-84.5689,US/Eastern
KFFX,MI,Newaygo,43.4393,-85.9949,US/Eastern
KFIT,MA,Worcester,42.5519,-71.7558,US/Eastern
KFKS,MI,Benzie,44.6252,-86.2008,US/Eastern
KFPK,MI,Eaton,42.5764,-84.8124,US/Eastern
KFRG,NY,Suffolk,40.7344,-73.4164,US/Eastern
KFTY,GA,Fulton,33.7776,-84.5246,US/Eastern
KFVE,ME,Aroostook,47.2855,-68.3127,US/Eastern
KFWA,IN,Allen,40.9725,-85.2064,US/Eastern
KFWN,NJ,Sussex,41.1992,-74.6259,US/Eastern
KFXE,FL,Broward,26.199,-80.1776,US/Eastern
KFYJ,VA,King and Queen,37.5211,-76.7647,US/Eastern
KFZG,GA,Ben Hill,31.6839,-83.2709,US/Eastern
KGAI,MD,Montgomery,39.1696,-77.1655,US/Eastern
KGED,DE,Sussex,38.6897,-75.3624,US/Eastern
KGEV,NC,Ashe,36.4324,-81.4197,US/Eastern
KGFL,NY,Warren,43.3384,-73.6102,US/Eastern
KGGE,SC,Georgetown,33.3117,-79.3196,US/Eastern
KGIF,FL,Polk,28.0614,-81.7568,US/Eastern
KGLR,MI,Otsego,45.0166,-84.6894,US/Eastern
KGNR,ME,Piscataquis,45.4646,-69.5538,US/Eastern
KGNV,FL,Alachua,29.6917,-82.276,US/Eastern
KGON,CT,New London,41.3279,-72.0489,US/Eastern
KGRD,SC,Greenwood,34.2487,-82.1591,US/Eastern
KGRR,MI,Kent,42.8808,-85.5228,US/Eastern
KGSB,NC,Wayne,35.3446,-77.9458,US/Eastern
KGSH,IN,Elkhart,41.5263,-85.7862,US/Eastern
KGSO,NC,Guilford,36.0969,-79.9432,US/Eastern
KGTB,NY,Jefferson,44.0556,-75.7195,US/Eastern
KGUS,IN,Miami,40.6481,-86.1521,US/Eastern
KGVL,GA,Hall,34.2719,-83.8303,US/Eastern
KGWB,IN,DeKalb,41.3072,-85.0644,US/Eastern
KGWW,NC,Wayne,35.4606,-77.9649,US/Eastern
KGYH,SC,Greenville,34.7583,-82.3764,US/Eastern
KHFF,NC,Richmond,35.0366,-79.4973,US/Eastern
KHKY,NC,Catawba,35.7422,-81.3822,US/Eastern
KHNB,IN,Dubois,38.2506,-86.9472,US/Eastern
KHOE,GA,Clinch,31.0559,-82.7741,US/Eastern
KHPN,NY,Westchester,41.0624,-73.7046,US/Eastern
KHRJ,NC,Harnett,35.3786,-78.7336,US/Eastern
KHST,FL,Miami-Dade,25.4949,-80.3732,US/Eastern
KHTL,MI,Roscommon,44.3591,-84.6739,US/Eastern
KHTO,NY,Suffolk,40.9596,-72.2519,US/Eastern
KHTS,WV,Wayne,38.365,-82.555,US/Eastern
KHUL,ME,Aroostook,46.1185,-67.7928,US/Eastern
KHVN,CT,New Haven,41.2638,-72.8868,US/Eastern
KHVS,SC,Darlington,34.4031,-80.1192,US/Eastern
KHWV,NY,Suffolk,40.8217,-72.8689,US/Eastern
KHWY,VA,Fauquier,38.5876,-77.715,US/Eastern
KHYA,MA,Barnstable,41.672,-70.2697,US/Eastern
KHYW,SC,Horry,33.8285,-79.1222,US/Eastern
KI69,OH,Clermont,39.0784,-84.2102,US/Eastern
KIAG,NY,Niagara,43.1083,-78.9382,US/Eastern
KIDI,PA,Indiana,40.6322,-79.1055,US/Eastern
KIGX,NC,Orange,35.935,-79.0659,US/Eastern
KIIY,GA,Wilkes,33.7797,-82.8164,US/Eastern
KIKW,MI,Midland,43.6624,-84.2621,US/Eastern
KILG,DE,New Castle,39.6744,-75.6057,US/Eastern
KILN,OH,Clinton,39.4279,-83.7921,US/Eastern
KIND,IN,Marion,39.7252,-86.2816,US/Eastern
KISO,NC,Lenoir,35.3314,-77.6088,US/Eastern
KISP,NY,Suffolk,40.7939,-73.1017,US/Eastern
KISQ,MI,Schoolcraft,45.9746,-86.1718,US/Eastern
KIZG,ME,Oxford,43.9911,-70.9479,US/Eastern
KJFZ,VA,Tazewell,37.062,-81.7977,US/Eastern
KJKL,KY,Breathitt,37.5913,-83.3137,US/Eastern
KJRB,NY,New York,40.7012,-74.009,US/Eastern
KJXN,MI,Jackson,42.2617,-84.4615,US/Eastern
KJYL,GA,Screven,32.6453,-81.5971,US/Eastern
KJYO,VA,Loudoun,39.078,-77.5575,US/Eastern
KLAL,FL,Polk,27.9889,-82.0186,US/Eastern
KLAN,MI,Clinton,42.7762,-84.5997,US/Eastern
KLBE,PA,Westmoreland,40.2759,-79.4048,US/Eastern
KLBT,NC,Robeson,34.6082,-79.059,US/Eastern
KLCK,OH,Franklin,39.8138,-82.9278,US/Eastern
KLCQ,FL,Columbia,30.1838,-82.5684,US/Eastern
KLEB,NH,Grafton,43.6271,-72.3054,US/Eastern
KLEE,FL,Lake,28.8214,-81.8096,US/Eastern
KLEW,ME,Androscoggin,44.0485,-70.2835,US/Eastern
KLFI,VA,Hampton,37.0829,-76.3605,US/Eastern
KLGA,NY,Queens,40.7794,-73.8803,US/Eastern
KLGC,GA,Troup,33.0062,-85.0661,US/Eastern
KLHZ,NC,Franklin,36.0229,-78.3341,US/Eastern
KLKU,VA,Louisa,38.0097,-77.97,US/Eastern
KLNP,VA,Wise,36.9875,-82.53,US/Eastern
KLNS,PA,Lancaster,40.1206,-76.2945,US/Eastern
KLOU,KY,Jefferson,38.228,-85.6637,US/Eastern
KLPR,OH,Lorain,41.3461,-82.1794,US/Eastern
KLRO,SC,Charleston,32.8978,-79.7829,US/Eastern
KLSF,GA,Chattahoochee,32.3239,-84.9826,US/Eastern
KLUA,VA,Page,38.6672,-78.5011,US/Eastern
KLUK,OH,Hamilton,39.1033,-84.4186,US/Eastern
KLWA,MI,Van Buren,42.3508,-86.2561,US/Eastern
KLWM,MA,Essex,42.7126,-71.1255,US/Eastern
KLYH,VA,Campbell,37.3262,-79.2028,US/Eastern
KMCD,MI,Mackinac,45.8663,-84.6344,US/Eastern
KMCF,FL,Hillsborough,27.8493,-82.5212,US/Eastern
KMCN,GA,Macon-Bibb County,32.6889,-83.6529,US/Eastern
KMCO,FL,Orange,28.4183,-81.3241,US/Eastern
KMDT,PA,Dauphin,40.1962,-76.7725,US/Eastern
KMFV,VA,Accomack,37.6469,-75.7611,US/Eastern
KMGE,GA,Cobb,33.9154,-84.5163,US/Eastern
KMGN,MI,Emmet,45.4256,-84.9133,US/Eastern
KMGR,GA,Colquitt,31.0849,-83.8033,US/Eastern
KMGW,WV,Monongalia,39.6499,-79.9206,US/Eastern
KMGY,OH,Montgomery,39.589,-84.2249,US/Eastern
KMHT,NH,Rockingham,42.9296,-71.4356,US/Eastern
KMIA,FL,Miami-Dade,25.788,-80.3169,US/Eastern
KMIE,IN,Delaware,40.2345,-85.3936,US/Eastern
KMKG,MI,Muskegon,43.1711,-86.2367,US/Eastern
KMKJ,VA,Smyth,36.8949,-81.3499,US/Eastern
KMLB,FL,Brevard,28.0997,-80.6356,US/Eastern
KMMI,TN,McMinn,35.3992,-84.5618,US/Eastern
KMMK,CT,New Haven,41.5097,-72.8278,US/Eastern
KMNI,SC,Clarendon,33.587,-80.209,US/Eastern
KMPV,VT,Washington,44.2035,-72.5623,US/Eastern
KMQJ,IN,Hancock,39.8435,-85.8971,US/Eastern
KMRN,NC,Burke,35.8192,-81.6097,US/Eastern
KMRT,OH,Union,40.2247,-83.3516,US/Eastern
KMTH,FL,Monroe,24.7263,-81.0477,US/Eastern
KMTP,NY,Suffolk,41.073,-71.9235,US/Eastern
KMTV,VA,Henry,36.6272,-80.0133,US/Eastern
KMUI,PA,Lebanon,40.4381,-76.5643,US/Eastern
KMUL,GA,Colquitt,31.1377,-83.7041,US/Eastern
KMVL,VT,Lamoille,44.5359,-72.6162,US/Eastern
KMVY,MA,Dukes,41.393,-70.6159,US/Eastern
KMYR,SC,Horry,33.6797,-78.9283,US/Eastern
KMZZ,IN,Grant,40.4899,-85.6797,US/Eastern
KN03,NY,Cortland,42.5926,-76.2149,US/Eastern
KNCA,NC,Onslow,34.7063,-77.4407,US/Eastern
KNFE,VA,Chesapeake,36.695,-76.1356,US/Eastern
KNJM,NC,Carteret,34.694,-77.0294,US/Eastern
KNKT,NC,Craven,34.8972,-76.8813,US/Eastern
KNRB,FL,Duval,30.3959,-81.4229,US/Eastern
KNTU,VA,Virginia Beach,36.8211,-76.0283,US/Eastern
KNUI,MD,St. Mary's,38.146,-76.4285,US/Eastern
KNYC,NY,New York,40.779,-73.9692,US/Eastern
KOAJ,NC,Onslow,34.8251,-77.6189,US/Eastern
KOBE,FL,Okeechobee,27.2663,-80.8487,US/Eastern
KOCF,FL,Marion,29.1637,-82.221,US/Eastern
KOCW,NC,Beaufort,35.5705,-77.0498,US/Eastern
KOFP,VA,Hanover,37.7081,-77.4344,US/Eastern
KOGB,SC,Orangeburg,33.4568,-80.8595,US/Eastern
KOKV,VA,Frederick,39.1435,-78.1444,US/Eastern
KOMH,VA,Orange,38.2472,-78.0456,US/Eastern
KOPF,FL,Miami-Dade,25.9102,-80.2828,US/Eastern
KOPN,GA,Upson,32.9539,-84.2594,US/Eastern
KOQN,PA,Chester,39.9889,-75.5803,US/Eastern
KORH,MA,Worcester,42.2706,-71.8731,US/Eastern
KORL,FL,Orange,28.5465,-81.3354,US/Eastern
KOSC,MI,Iosco,44.4515,-83.3942,US/Eastern
KOSU,OH,Franklin,40.0781,-83.0781,US/Eastern
KOXB,MD,Worcester,38.3104,-75.124,US/Eastern
KOZW,MI,Livingston,42.6294,-83.9842,US/Eastern
KP53,MI,Alger,46.4119,-86.6508,US/Eastern
KPBG,NY,Clinton,44.6509,-73.4681,US/Eastern
KPCM,FL,Hillsborough,28.0013,-82.1593,US/Eastern
KPEO,NY,Yates,42.6439,-77.053,US/Eastern
KPGV,NC,Pitt,35.6374,-77.3851,US/Eastern
KPHN,MI,St. Clair,42.9103,-82.5332,US/Eastern
KPKB,WV,Wood,39.3451,-81.4392,US/Eastern
KPOB,NC,Cumberland,35.1753,-79.0077,US/Eastern
KPOU,NY,Dutchess,41.6257,-73.8816,US/Eastern
KPOV,OH,Portage,41.209,-81.2479,US/Eastern
KPQI,ME,Aroostook,46.689,-68.0448,US/Eastern
KPSM,NH,Rockingham,43.0779,-70.8233,US/Eastern
KPTW,PA,Montgomery,40.238,-75.5549,US/Eastern
KPVC,MA,Barnstable,42.0744,-70.2182,US/Eastern
KPVG,VA,Chesapeake,36.7801,-76.4488,US/Eastern
KPWM,ME,Cumberland,43.6424,-70.3044,US/Eastern
KRBW,SC,Colleton,32.921,-80.6406,US/Eastern
KRCR,IN,Fulton,41.0655,-86.1817,US/Eastern
KRDU,NC,Wake,35.8922,-78.7819,US/Eastern
KRHP,NC,Cherokee,35.1939,-83.8618,US/Eastern
KRIC,VA,Henrico,37.5115,-77.3234,US/Eastern
KRMG,GA,Floyd,34.3478,-85.1611,US/Eastern
KROC,NY,Monroe,43.1167,-77.6767,US/Eastern
KRQB,MI,Mecosta,43.7224,-85.4977,US/Eastern
KRUQ,NC,Rowan,35.6442,-80.5236,US/Eastern
KRUT,VT,Rutland,43.5349,-72.9514,US/Eastern
KRYT,PA,Adams,39.7341,-77.4304,US/Eastern
KRYY,GA,Cobb,34.0147,-84.5964,US/Eastern
KRZR,TN,Bradley,35.2115,-84.7998,US/Eastern
KRZZ,NC,Halifax,36.4395,-77.7093,US/Eastern
KSAV,GA,Chatham,32.1314,-81.2023,US/Eastern
KSAW,MI,Marquette,46.3405,-87.3953,US/Eastern
KSCH,NY,Schenectady,42.8525,-73.9289,US/Eastern
KSFQ,VA,Suffolk,36.6824,-76.6019,US/Eastern
KSFZ,RI,Providence,41.9208,-71.4914,US/Eastern
KSGH,OH,Clark,39.8403,-83.8402,US/Eastern
KSHD,VA,Augusta,38.2638,-78.8964,US/Eastern
KSME,KY,Pulaski,37.0513,-84.6168,US/Eastern
KSMQ,NJ,Somerset,40.624,-74.669,US/Eastern
KSOP,NC,Moore,35.2372,-79.3911,US/Eastern
KSSI,GA,Glynn,31.1522,-81.3908,US/Eastern
KSVN,GA,Chatham,32.01,-81.1457,US/Eastern
KSWF,NY,Orange,41.5045,-74.0999,US/Eastern
KTAN,MA,Bristol,41.8756,-71.0211,US/Eastern
KTBR,GA,Bulloch,32.4831,-81.7372,US/Eastern
KTDF,NC,Person,36.285,-78.9842,US/Eastern
KTDZ,OH,Wood,41.5631,-83.4764,US/Eastern
KTHV,PA,York,39.9194,-76.8769,US/Eastern
KTOL,OH,Lucas,41.587,-83.8054,US/Eastern
KTPA,FL,Hillsborough,27.9633,-82.54,US/Eastern
KTTA,NC,Lee,35.5825,-79.1014,US/Eastern
KTTF,MI,Monroe,41.94,-83.4347,US/Eastern
KTTN,NJ,Mercer,40.2768,-74.8159,US/Eastern
KTTS,FL,Brevard,28.615,-80.6945,US/Eastern
KTVC,MI,Grand Traverse,44.739,-85.5679,US/Eastern
KTVI,GA,Thomas,30.902,-83.881,US/Eastern
KTYS,TN,Blount,35.818,-83.9857,US/Eastern
KTZR,OH,Franklin,39.9012,-83.1369,US/Eastern
KUCP,PA,Lawrence,41.0254,-80.4134,US/Eastern
KUKF,NC,Wilkes,36.2188,-81.1002,US/Eastern
KUKT,PA,Bucks,40.4368,-75.3802,US/Eastern
KUNV,PA,Centre,40.8534,-77.8401,US/Eastern
KUSE,OH,Fulton,41.6101,-84.1272,US/Eastern
KVLD,GA,Lowndes,30.7763,-83.2739,US/Eastern
KVNC,FL,Sarasota,27.0716,-82.4403,US/Eastern
KVQQ,FL,Duval,30.2129,-81.8707,US/Eastern
KVRB,FL,Indian River,27.6556,-80.4179,US/Eastern
KVSF,VT,Windsor,43.3421,-72.5213,US/Eastern
KVTA,OH,Licking,40.0264,-82.4634,US/Eastern
KVUJ,NC,Stanly,35.4167,-80.1508,US/Eastern
KWDR,GA,Barrow,33.9829,-83.6674,US/Eastern
KWRB,GA,Houston,32.6401,-83.5918,US/Eastern
KWRI,NJ,Burlington,40.0156,-74.5917,US/Eastern
KWST,RI,Washington,41.3509,-71.8054,US/Eastern
KWVL,ME,Kennebec,44.5333,-69.6755,US/Eastern
KXLL,PA,Lehigh,40.5704,-75.4894,US/Eastern
KY70,MI,Ionia,42.938,-85.0605,US/Eastern
KYIP,MI,Wayne,42.2367,-83.5264,US/Eastern
KYNG,OH,Trumbull,41.2544,-80.6739,US/Eastern
K0CO,CO,Grand,39.7945,-105.7639,US/Mountain
K2WX,SD,Harding,45.6044,-103.5464,US/Mountain
K3DU,MT,Granite,46.6667,-113.15,US/Mountain
K3HT,MT,Wheatland,46.4333,-109.8333,US/Mountain
K3MW,CO,Routt,40.449,-106.7492,US/Mountain
K4BM,CO,Park,39.0503,-105.5144,US/Mountain
K4CR,NM,Lincoln,34.1,-105.6833,US/Mountain
K5SM,CO,Garfield County,39.4256,-107.3792,US/Mountain
K77M,ID,Cassia,42.32,-113.33,US/Mountain
K82V,WY,Laramie,41.1533,-104.1302,US/Mountain
KABQ,NM,Bernalillo,35.0417,-106.6147,US/Mountain
KAIB,CO,Montrose,38.239,-108.5668,US/Mountain
KAKO,CO,Washington,40.1743,-103.2146,US/Mountain
KALK,AZ,Cochise County,31.6056,-110.4281,US/Mountain
KALM,NM,Otero,32.8351,-105.9941,US/Mountain
KAPA,CO,Douglas,39.5599,-104.8484,US/Mountain
KATS,NM,Eddy,32.8524,-104.4644,US/Mountain
KAZC,AZ,Mohave,36.9599,-113.0139,US/Mountain
KBDU,CO,Boulder,40.0378,-105.2274,US/Mountain
KBFF,NE,Scotts Bluff,41.8747,-103.6011,US/Mountain
KBIF,TX,El Paso,31.8612,-106.3692,US/Mountain
KBIL,MT,Yellowstone,45.8069,-108.5422,US/Mountain
KBJC,CO,Jefferson,39.9008,-105.1042,US/Mountain
KBKF,CO,Arapahoe,39.7133,-104.7581,US/Mountain
KBOI,ID,Ada,43.567,-116.2405,US/Mountain
KBPI,WY,Sublette,42.578,-110.1097,US/Mountain
KBRX,WY,Platte,41.9305,-104.945,US/Mountain
KBTM,MT,Silver Bow,45.9647,-112.5006,US/Mountain
KBZN,MT,Gallatin,45.7881,-111.1608,US/Mountain
KCAO,NM,Union,36.4483,-103.1537,US/Mountain
KCDR,NE,Dawes,42.8374,-103.0981,US/Mountain
KCEZ,CO,Montezuma,37.3071,-108.6264,US/Mountain
KCHJ,WY,Park,44.75,-109.37,US/Mountain
KCMS,WY,Sweetwater,41.5323,-109.4604,US/Mountain
KCNY,UT,Grand,38.7501,-109.7626,US/Mountain
KCQC,NM,Torrance,35.0028,-105.6628,US/Mountain
KCRV,CO,Boulder County,40.0503,-105.5839,US/Mountain
KCUT,SD,Custer,43.7331,-103.6114,US/Mountain
KCVN,NM,Curry,34.4227,-103.0802,US/Mountain
KCYS,WY,Laramie,41.1579,-104.8081,US/Mountain
KD57,ND,Morton,46.8128,-101.8602,US/Mountain
KDEN,CO,Denver,39.8466,-104.6562,US/Mountain
KDHS,WY,Johnson,44.2197,-106.1041,US/Mountain
KDMA,AZ,Pima,32.1667,-110.8833,US/Mountain
KDPG,UT,Tooele,40.1838,-112.9217,US/Mountain
KDRC,WY,Converse,42.8367,-105.8618,US/Mountain
KDRO,CO,La Plata,37.1431,-107.7602,US/Mountain
KDUB,WY,Fremont,43.5484,-109.6903,US/Mountain
KDUG,AZ,Cochise,31.4584,-109.6068,US/Mountain
KDWX,WY,Carbon,41.037,-107.4998,US/Mountain
KDZB,TX,Llano,30.5271,-98.3588,US/Mountain
KE80,NM,Valencia,34.6452,-106.8337,US/Mountain
KECS,WY,Weston,43.8854,-104.3179,US/Mountain
KEEO,CO,Rio Blanco,40.0444,-107.8883,US/Mountain
KEHY,WY,Carbon,41.7253,-106.4594,US/Mountain
KEIK,CO,Weld,40.0117,-105.0503,US/Mountain
KELP,TX,El Paso,31.8111,-106.3758,US/Mountain
KEPZ,NM,Doña Ana,31.8731,-106.6975,US/Mountain
KEUL,ID,Canyon,43.6405,-116.6302,US/Mountain
KEVW,WY,Uinta,41.2731,-111.0306,US/Mountain
KFBR,WY,Uinta,41.3941,-110.4059,US/Mountain
KFCS,CO,El Paso,38.6784,-104.7566,US/Mountain
KFEW,WY,Laramie,41.1409,-104.8691,US/Mountain
KFLG,AZ,Coconino,35.1443,-111.6664,US/Mountain
KFMM,CO,Morgan,40.3315,-103.807,US/Mountain
KFTG,CO,Adams,39.7852,-104.5431,US/Mountain
KGBN,AZ,Maricopa,32.8875,-112.72,US/Mountain
KGDP,TX,Culberson,31.8331,-104.8098,US/Mountain
KGDV,MT,Dawson,47.1387,-104.8072,US/Mountain
KGEY,WY,Big Horn,44.5174,-108.0752,US/Mountain
KGFA,MT,Cascade,47.5047,-111.1873,US/Mountain
KGJT,CO,Mesa,39.1342,-108.54,US/Mountain
KGNT,NM,Cibola,35.1653,-107.9021,US/Mountain
KGPI,MT,Flathead,48.3042,-114.2636,US/Mountain
KGUC,CO,Gunnison,38.5339,-106.933,US/Mountain
KGXF,AZ,Maricopa,32.8875,-112.72,US/Mountain
KGXY,CO,Weld,40.4374,-104.6332,US/Mountain
KGYR,AZ,Maricopa,33.4224,-112.3736,US/Mountain
KHEI,ND,Adams,46.0149,-102.656,US/Mountain
KHLN,MT,Lewis and Clark,46.6044,-111.9892,US/Mountain
KHMM,MT,Ravalli,46.25,-114.15,US/Mountain
KIDA,ID,Bonneville,43.5208,-112.0661,US/Mountain
KIDV,WY,Johnson,43.8989,-106.639,US/Mountain
KIKA,WY,Crook,44.294,-104.6288,US/Mountain
KITR,CO,Kit Carson,39.2415,-102.2819,US/Mountain
KIWA,AZ,Maricopa,33.3078,-111.6555,US/Mountain
KJPD,WY,Washakie,44.1466,-107.1744,US/Mountain
KLAA,CO,Prowers,38.0718,-102.6874,US/Mountain
KLAM,NM,Los Alamos,35.8789,-106.2621,US/Mountain
KLGU,UT,Cache,41.7865,-111.8519,US/Mountain
KLRU,NM,Doña Ana,32.2885,-106.9132,US/Mountain
KLUF,AZ,Maricopa,33.535,-112.3832,US/Mountain
KLVM,MT,Park,45.6983,-110.4408,US/Mountain
KLVS,NM,San Miguel,35.6558,-105.1385,US/Mountain
KLWT,MT,Fergus,47.0493,-109.4667,US/Mountain
KLXV,CO,Lake,39.2281,-106.3161,US/Mountain
KMAN,ID,Canyon,43.5813,-116.5231,US/Mountain
KMLD,ID,Oneida,42.1666,-112.2966,US/Mountain
KMLS,MT,Custer,46.4267,-105.8825,US/Mountain
KMTJ,CO,Montrose,38.5054,-107.8981,US/Mountain
KMUO,ID,Elmore,43.0436,-115.8724,US/Mountain
KMYL,ID,Valley,44.8942,-116.0998,US/Mountain
KNYL,AZ,Yuma,32.6566,-114.606,US/Mountain
KOGD,UT,Weber,41.1941,-112.0168,US/Mountain
KONM,NM,Socorro,34.0263,-106.9037,US/Mountain
KONO,OR,Malheur,44.0142,-117.0081,US/Mountain
KPAN,AZ,Gila,34.257,-111.339,US/Mountain
KPGA,AZ,Coconino,36.9211,-111.4487,US/Mountain
KPIH,ID,Power,42.9203,-112.5711,US/Mountain
KPNA,WY,Sublette,42.7956,-109.8069,US/Mountain
KPRC,AZ,Yavapai,34.6491,-112.4223,US/Mountain
KPUB,CO,Pueblo,38.2887,-104.5057,US/Mountain
KRIL,CO,Garfield,39.5279,-107.7196,US/Mountain
KRIM,WY,Sublette,43.1,-110.32,US/Mountain
KRIW,WY,Fremont,43.0622,-108.447,US/Mountain
KRKS,WY,Sweetwater,41.5945,-109.0528,US/Mountain
KRQE,AZ,Apache,35.6575,-109.0614,US/Mountain
KRTN,NM,Colfax,36.7418,-104.5076,US/Mountain
KRWL,WY,Carbon,41.8065,-107.1952,US/Mountain
KRXE,ID,Madison,43.8321,-111.8075,US/Mountain
KSBS,CO,Routt,40.5153,-106.8677,US/Mountain
KSDY,MT,Richland,47.7069,-104.1926,US/Mountain
KSGU,UT,Washington,37.0906,-113.5931,US/Mountain
KSJN,AZ,Apache,34.5184,-109.3801,US/Mountain
KSKL,WY,Carbon,41.135,-106.5735,US/Mountain
KSLC,UT,Salt Lake,40.7707,-111.965,US/Mountain
KSNT,ID,Custer,44.1708,-114.9272,US/Mountain
KSNY,NE,Cheyenne,41.0994,-102.9856,US/Mountain
KSPD,CO,Baca,37.2833,-102.6139,US/Mountain
KSTK,CO,Logan,40.6133,-103.2611,US/Mountain
KTAD,CO,Las Animas,37.2622,-104.3318,US/Mountain
KTCS,NM,Sierra,33.2367,-107.2681,US/Mountain
KTUS,AZ,Pima,32.1315,-110.9564,US/Mountain
KTWF,ID,Twin Falls,42.4785,-114.4774,US/Mountain
KU42,UT,Salt Lake,40.6196,-111.9902,US/Mountain
KU78,ID,Caribou,42.6416,-111.5799,US/Mountain
KUNR,SD,Pennington,44.0727,-103.2108,US/Mountain
KVEL,UT,Uintah,40.443,-109.5127,US/Mountain
KY22,SD,Perkins,45.9167,-102.1667,US/Mountain
K9BB,NV,Elko,41.1167,-114.9667,US/Pacific
K9L2,CA,Kern,34.9908,-117.8631,US/Pacific
KALW,WA,Walla Walla,46.0946,-118.2858,US/Pacific
KAST,OR,Clatsop,46.1569,-123.8825,US/Pacific
KAWH,NV,Elko,41.6667,-115.7833,US/Pacific
KAWO,WA,Snohomish,48.1585,-122.1591,US/Pacific
KB23,NV,Lander,40.6,-116.8667,US/Pacific
KBAN,CA,Mono,38.3557,-119.5188,US/Pacific
KBFL,CA,Kern,35.4344,-119.0542,US/Pacific
KBLH,CA,Riverside,33.6192,-114.7169,US/Pacific
KBLI,WA,Whatcom,48.7991,-122.5406,US/Pacific
KBLU,CA,Placer,39.275,-120.7097,US/Pacific
KBNO,OR,Harney,43.5949,-118.9579,US/Pacific
KBOK,OR,Curry,42.0744,-124.29,US/Pacific
KBUO,CA,Riverside,33.9333,-116.9667,US/Pacific
KBVS,WA,Skagit,48.4709,-122.4209,US/Pacific
KCCR,CA,Contra Costa,37.9917,-122.0519,US/Pacific
KCIC,CA,Butte,39.7988,-121.858,US/Pacific
KCLM,WA,Clallam,48.1219,-123.5066,US/Pacific
KCMA,CA,Ventura,34.2119,-119.0916,US/Pacific
KCOE,ID,Kootenai,47.7743,-116.8196,US/Pacific
KCZK,OR,Hood River,45.6769,-121.8789,US/Pacific
KDEW,WA,Spokane,47.9689,-117.4211,US/Pacific
KDLS,WA,Klickitat,45.619,-121.1657,US/Pacific
KDRA,NV,Nye,36.6207,-116.0287,US/Pacific
KE16,CA,Santa Clara,37.0816,-121.5968,US/Pacific
KEAT,WA,Douglas,47.3975,-120.2012,US/Pacific
KEDU,CA,Yolo,38.5315,-121.7865,US/Pacific
KEED,CA,San Bernardino,34.7675,-114.6189,US/Pacific
KEKO,NV,Elko,40.824,-115.7863,US/Pacific
KELY,NV,White Pine,39.2953,-114.8466,US/Pacific
KF70,CA,Riverside,33.5742,-117.1285,US/Pacific
KFOT,CA,Humboldt,40.553,-124.1334,US/Pacific
KGEG,WA,Spokane,47.6214,-117.5278,US/Pacific
KGIC,ID,Idaho,45.9411,-116.1326,US/Pacific
KGOO,CA,Nevada,39.224,-121.003,US/Pacific
KGXA,CA,Los Angeles,34.5666,-117.6704,US/Pacific
KHIO,OR,Washington,45.5476,-122.9557,US/Pacific
KHJO,CA,Kings,36.3115,-119.6231,US/Pacific
KHMS,WA,Benton,46.5667,-119.6,US/Pacific
KHND,NV,Clark,35.9766,-115.1322,US/Pacific
KHRI,OR,Umatilla,45.8258,-119.2611,US/Pacific
KHWD,CA,Alameda,37.6589,-122.1211,US/Pacific
KINS,NV,Clark,36.5857,-115.6901,US/Pacific
KIPL,CA,Imperial,32.8342,-115.5786,US/Pacific
KJNW,OR,Lincoln,44.5833,-124.0667,US/Pacific
KLGB,CA,Los Angeles,33.8118,-118.1472,US/Pacific
KLGD,OR,Union,45.2907,-118.0088,US/Pacific
KLKV,OR,Lake,42.1566,-120.3972,US/Pacific
KLVK,CA,Alameda,37.6928,-121.8144,US/Pacific
KMCC,CA,Sacramento,38.6676,-121.4006,US/Pacific
KMCE,CA,Merced,37.2848,-120.5139,US/Pacific
KMEH,OR,Umatilla,45.5118,-118.4247,US/Pacific
KMHS,CA,Siskiyou,41.3149,-122.317,US/Pacific
KMOD,CA,Stanislaus,37.6255,-120.9549,US/Pacific
KMRY,CA,Monterey,36.5905,-121.8487,US/Pacific
KMWH,WA,Grant,47.193,-119.3145,US/Pacific
KMYV,CA,Yuba,39.1021,-121.5688,US/Pacific
KNJK,CA,Imperial,32.825,-115.6606,US/Pacific
KNUW,WA,Island,48.3552,-122.6635,US/Pacific
KNXF,CA,San Diego,33.286,-117.456,US/Pacific
KO22,CA,Tuolumne,38.0304,-120.4146,US/Pacific
KO69,CA,Sonoma,38.2578,-122.6053,US/Pacific
KOAK,CA,Alameda,37.7178,-122.2329,US/Pacific
KOMK,WA,Okanogan,48.4612,-119.5209,US/Pacific
KORS,WA,San Juan,48.7081,-122.909,US/Pacific
KOTH,OR,Coos,43.4195,-124.2437,US/Pacific
KOVE,CA,Butte,39.4944,-121.6222,US/Pacific
KOXR,CA,Ventura,34.2001,-119.2041,US/Pacific
KP68,NV,Eureka,39.6014,-116.0056,US/Pacific
KPAE,WA,Snohomish,47.9233,-122.2831,US/Pacific
KPAO,CA,Santa Clara,37.4611,-122.1151,US/Pacific
KPDX,OR,Multnomah,45.5958,-122.6092,US/Pacific
KPOC,CA,Los Angeles,34.0928,-117.7794,US/Pacific
KPRB,CA,San Luis Obispo,35.6694,-120.6291,US/Pacific
KPSC,WA,Franklin,46.2696,-119.1181,US/Pacific
KPTV,CA,Tulare,36.0296,-119.0627,US/Pacific
KPUW,WA,Whitman,46.7438,-117.1158,US/Pacific
KPVF,CA,El Dorado,38.7242,-120.7533,US/Pacific
KPWT,WA,Kitsap,47.4903,-122.7648,US/Pacific
KRHV,CA,Santa Clara,37.3329,-121.8198,US/Pacific
KRNM,CA,San Diego,33.0375,-116.9158,US/Pacific
KSAC,CA,Sacramento,38.5067,-121.496,US/Pacific
KSBP,CA,San Luis Obispo,35.2368,-120.642,US/Pacific
KSCK,CA,San Joaquin,37.89,-121.2264,US/Pacific
KSDB,CA,Los Angeles,34.7434,-118.7253,US/Pacific
KSEE,CA,San Diego,32.8274,-116.9737,US/Pacific
KSFO,CA,San Mateo,37.6196,-122.3656,US/Pacific
KSJC,CA,Santa Clara,37.3594,-121.9244,US/Pacific
KSKA,WA,Spokane,47.6151,-117.6558,US/Pacific
KSLI,CA,Orange,33.7963,-118.0418,US/Pacific
KSMF,CA,Sacramento,38.7007,-121.5948,US/Pacific
KSMO,CA,Los Angeles,34.021,-118.4471,US/Pacific
KSMX,CA,Santa Barbara,34.8941,-120.4521,US/Pacific
KSNS,CA,Monterey,36.6636,-121.6081,US/Pacific
KSQL,CA,San Mateo,37.5119,-122.2483,US/Pacific
KSUU,CA,Solano,38.2667,-121.95,US/Pacific
KSXT,OR,Josephine,42.6,-123.3656,US/Pacific
KTDO,WA,Lewis,46.4772,-122.8065,US/Pacific
KTIW,WA,Pierce,47.2675,-122.5761,US/Pacific
KTRK,CA,Nevada,39.32,-120.1396,US/Pacific
KTTD,OR,Multnomah,45.5511,-122.4089,US/Pacific
KTVL,CA,El Dorado,38.8984,-119.9962,US/Pacific
KUAO,OR,Marion,45.2466,-122.7709,US/Pacific
KUIL,WA,Clallam,47.9375,-124.555,US/Pacific
KVCB,CA,Solano,38.3775,-121.9585,US/Pacific
KVCV,CA,San Bernardino,34.5975,-117.383,US/Pacific
KVGT,NV,Clark,36.212,-115.194,US/Pacific
KWJF,CA,Los Angeles,34.7412,-118.2125,US/Pacific
KXVW,CA,Santa Barbara,34.7275,-120.5783,US/Pacific
K01M,MS,Tishomingo,34.4917,-88.2011,US/Central
K06D,ND,Rolette,48.8844,-99.6208,US/Central
K0F2,TX,Montague,33.6011,-97.7735,US/Central
K0J4,AL,Covington,31.0425,-86.3117,US/Central
K11R,TX,Washington,30.2189,-96.3742,US/Central
K14Y,MN,Todd,45.9017,-94.8727,US/Central
K1A6,KY,Bell,36.6106,-83.7374,US/Central
K1F0,OK,Carter,34.1469,-97.1225,US/Central
K1M4,AL,Winston,34.2803,-87.6004,US/Central
K1R7,MS,Lincoln,31.6058,-90.4093,US/Central
K21D,MN,Washington,45.0002,-92.8549,US/Central
K2C8,ND,Pembina,48.7838,-97.6296,US/Central
K2I0,KY,Hopkins,37.3559,-87.3982,US/Central
K3A1,AL,Cullman,34.2687,-86.858,US/Central
K3R7,LA,Jefferson Davis,30.2427,-92.6735,US/Central
K46D,ND,Foster,47.451,-99.151,US/Central
K4A6,AL,Jackson,34.6887,-86.0059,US/Central
K4M9,AR,Clay,36.4042,-90.6479,US/Central
K4O4,OK,McCurtain,33.9133,-94.8546,US/Central
K54J,FL,Walton,30.7311,-86.1538,US/Central
K5H4,ND,Wells,47.7912,-99.9317,US/Central
K5M9,KY,Crittenden,37.3363,-88.1097,US/Central
K5R8,LA,Calcasieu,30.4412,-93.4735,US/Central
K6R6,TX,Terrell,30.0481,-102.2131,US/Central
K79J,AL,Covington,31.3087,-86.3938,US/Central
K7R5,LA,Cameron,29.78,-93.3,US/Central
K8A0,AL,Marshall,34.2291,-86.2558,US/Central
K9V9,SD,Brule,43.7659,-99.3216,US/Central
KAAO,KS,Sedgwick,37.7497,-97.2191,US/Central
KACP,LA,Allen,30.7503,-92.6883,US/Central
KADC,MN,Otter Tail,46.4502,-95.2135,US/Central
KADH,OK,Pontotoc,34.8043,-96.6712,US/Central
KADS,TX,Dallas,32.9686,-96.8364,US/Central
KAEL,MN,Freeborn,43.6822,-93.3722,US/Central
KAFW,TX,Tarrant,32.9733,-97.3181,US/Central
KAJG,IL,Lawrence,38.6093,-87.7251,US/Central
KALI,TX,Jim Wells,27.7409,-98.0269,US/Central
KALN,IL,Madison,38.8897,-90.0316,US/Central
KALX,AL,Tallapoosa,32.9147,-85.9628,US/Central
KAMW,IA,Story,41.9905,-93.6185,US/Central
KANB,AL,Calhoun,33.5904,-85.8479,US/Central
KANE,MN,Anoka,45.1426,-93.2127,US/Central
KAPY,TX,Zapata County,26.9688,-99.2489,US/Central
KAQO,TX,Llano,30.7873,-98.6608,US/Central
KAQR,OK,Atoka,34.3983,-96.1481,US/Central
KAQV,LA,Sabine,31.4,-93.2833,US/Central
KARA,LA,Iberia,30.0292,-91.8845,US/Central
KARG,AR,Lawrence,36.1256,-90.9215,US/Central
KARM,TX,Wharton,29.2543,-96.1544,US/Central
KARV,WI,Vilas,45.9264,-89.7307,US/Central
KASD,LA,St. Tammany,30.3433,-89.8222,US/Central
KASL,TX,Harrison,32.5205,-94.3078,US/Central
KATY,SD,Codington,44.9047,-97.1494,US/Central
KAUM,MN,Mower,43.6688,-92.932,US/Central
KAVK,OK,Woods,36.7732,-98.6699,US/Central
KAWN,TX,Tarrant,32.78,-97.43,US/Central
KAXA,IA,Kossuth,43.0796,-94.2723,US/Central
KAXH,TX,Fort Bend,29.505,-95.4765,US/Central
KAXO,LA,Jefferson,29.25,-89.966,US/Central
KBAD,LA,Bossier,32.5019,-93.6626,US/Central
KBAZ,TX,Guadalupe,29.7086,-98.0453,US/Central
KBBD,TX,McCulloch,31.1793,-99.3239,US/Central
KBFM,AL,Mobile,30.6268,-88.0681,US/Central
KBFW,MN,Lake,47.2521,-91.4098,US/Central
KBGD,TX,Hutchinson,35.695,-101.395,US/Central
KBHM,AL,Jefferson,33.5655,-86.7449,US/Central
KBIE,NE,Gage,40.3013,-96.7541,US/Central
KBIS,ND,Burleigh,46.7825,-100.7572,US/Central
KBKB,LA,Vernon,31.0217,-92.9107,US/Central
KBKN,OK,Kay,36.7451,-97.3496,US/Central
KBKS,TX,Brooks,27.2067,-98.1211,US/Central
KBMQ,TX,Burnet,30.7406,-98.2353,US/Central
KBMT,TX,Jefferson,30.071,-94.216,US/Central
KBNA,TN,Davidson,36.1189,-86.6892,US/Central
KBNW,IA,Boone,42.0486,-93.8486,US/Central
KBPC,TX,Roberts,35.889,-101.03,US/Central
KBPG,TX,Howard,32.2126,-101.5216,US/Central
KBPT,TX,Jefferson,29.9521,-94.0261,US/Central
KBQP,LA,Morehouse,32.7561,-91.8806,US/Central
KBRD,MN,Crow Wing,46.4021,-94.1273,US/Central
KBTA,NE,Washington,41.4148,-96.109,US/Central
KBTR,LA,East Baton Rouge,30.5378,-91.1468,US/Central
KBUU,WI,Walworth,42.6909,-88.308,US/Central
KBVX,AR,Independence,35.7259,-91.6518,US/Central
KBWD,TX,Brown,31.7936,-98.9565,US/Central
KBWP,ND,Richland,46.2443,-96.6072,US/Central
KBXA,LA,Washington,30.8137,-89.865,US/Central
KC09,IL,Grundy,41.4316,-88.4152,US/Central
KCBF,IA,Pottawattamie,41.2612,-95.7604,US/Central
KCBG,MN,Isanti,45.5628,-93.2644,US/Central
KCBM,MS,Lowndes,33.6438,-88.4438,US/Central
KCCA,AR,Van Buren,35.5946,-92.4455,US/Central
KCCY,IA,Floyd,43.073,-92.6132,US/Central
KCFE,MN,Wright,45.1601,-93.846,US/Central
KCHK,OK,Grady,35.0961,-97.9661,US/Central
KCID,IA,Linn,41.883,-91.7246,US/Central
KCIN,IA,Carroll,42.0444,-94.7889,US/Central
KCIR,IL,Alexander,37.0639,-89.2232,US/Central
KCKV,TN,Montgomery,36.6169,-87.4117,US/Central
KCLI,WI,Waupaca,44.6153,-88.7313,US/Central
KCLL,TX,Brazos,30.5881,-96.3639,US/Central
KCNC,IA,Lucas,41.0185,-93.3608,US/Central
KCNU,KS,Neosho,37.6705,-95.4846,US/Central
KCOM,TX,Coleman,31.8411,-99.4036,US/Central
KCPS,IL,St. Clair,38.564,-90.1487,US/Central
KCPT,TX,Johnson,32.3537,-97.4338,US/Central
KCRP,TX,Nueces,27.7734,-97.513,US/Central
KCRS,TX,Navarro,32.0311,-96.3989,US/Central
KCRX,MS,Alcorn,34.915,-88.6035,US/Central
KCSM,OK,Washita,35.3567,-99.2036,US/Central
KCSQ,IA,Union,41.0189,-94.361,US/Central
KCSV,TN,Cumberland,35.9513,-85.085,US/Central
KCUL,IL,White,38.0887,-88.1213,US/Central
KCVB,TX,Medina,29.343,-98.8497,US/Central
KCXO,TX,Montgomery,30.3567,-95.4139,US/Central
KD39,MN,Stearns,45.7057,-94.9308,US/Central
KD55,ND,Cavalier,48.7531,-98.3937,US/Central
KD60,ND,Williams,48.381,-102.898,US/Central
KDAL,TX,Dallas,32.8542,-96.8551,US/Central
KDBQ,IA,Dubuque,42.3984,-90.7091,US/Central
KDEH,IA,Winneshiek,43.2755,-91.7433,US/Central
KDFW,TX,Dallas,32.8974,-97.022,US/Central
KDKR,TX,Houston,31.3097,-95.4039,US/Central
KDMO,MO,Pettis,38.7074,-93.1759,US/Central
KDNK,LA,Vernon,31.1106,-93.1533,US/Central
KDNS,IA,Crawford,41.9842,-95.38,US/Central
KDPA,IL,DuPage,41.8965,-88.2512,US/Central
KDRT,TX,Val Verde,29.3742,-100.9272,US/Central
KDTL,MN,Becker,46.8285,-95.8857,US/Central
KDTN,LA,Bossier,32.5425,-93.7447,US/Central
KDTS,FL,Okaloosa,30.3934,-86.4674,US/Central
KDUA,OK,Bryan,33.9422,-96.3944,US/Central
KDUC,OK,Stephens,34.4778,-97.9616,US/Central
KDUX,TX,Moore,35.858,-102.013,US/Central
KDVN,IA,Scott,41.6134,-90.5948,US/Central
KDVP,MN,Murray,43.9905,-95.781,US/Central
KDWH,TX,Harris,30.068,-95.5562,US/Central
KDXX,MN,Lac qui Parle,44.9839,-96.1788,US/Central
KDYS,TX,Taylor,32.4208,-99.8546,US/Central
KEAR,NE,Buffalo,40.727,-99.0068,US/Central
KEAU,WI,Chippewa,44.8667,-91.488,US/Central
KEBS,IA,Hamilton,42.4372,-93.8724,US/Central
KECU,TX,Edwards,29.9469,-100.1739,US/Central
KEET,AL,Shelby,33.1783,-86.7817,US/Central
KEFD,TX,Harris,29.6073,-95.1587,US/Central
KEFT,WI,Green,42.6196,-89.5931,US/Central
KEHA,KS,Morton,37.0008,-101.88,US/Central
KEHR,KY,Henderson,37.8065,-87.6823,US/Central
KELD,AR,Union,33.2208,-92.814,US/Central
KELO,MN,St. Louis,47.8245,-91.8307,US/Central
KEND,OK,Garfield,36.3392,-97.9165,US/Central
KERV,TX,Kerr,29.9767,-99.0855,US/Central
KESF,LA,Rapides,31.3963,-92.2827,US/Central
KEST,IA,Emmet,43.4011,-94.7472,US/Central
KETB,WI,Washington,43.4226,-88.1326,US/Central
KETH,MN,Traverse,45.7828,-96.5461,US/Central
KEVV,IN,Vanderburgh,38.0431,-87.5203,US/Central
KF05,TX,Wilbarger,34.2257,-99.2837,US/Central
KFBL,MN,Rice,44.3298,-93.3119,US/Central
KFCM,MN,Hennepin,44.8322,-93.4705,US/Central
KFFM,MN,Otter Tail,46.2865,-96.1534,US/Central
KFKA,MN,Fillmore,43.677,-92.1742,US/Central
KFNB,NE,Richardson,40.0788,-95.592,US/Central
KFOZ,MN,Itasca,47.7832,-93.6533,US/Central
KFRM,MN,Martin,43.6455,-94.4168,US/Central
KFSI,OK,Comanche,34.6449,-98.4033,US/Central
KFSK,KS,Bourbon,37.7984,-94.7694,US/Central
KFST,TX,Pecos,30.9119,-102.9167,US/Central
KFSW,IA,Lee,40.6615,-91.3267,US/Central
KFTW,TX,Tarrant,32.8198,-97.3624,US/Central
KFWB,MO,Stone,36.6985,-93.4022,US/Central
KFWC,IL,Wayne,38.3796,-88.4135,US/Central
KFWS,TX,Tarrant,32.5652,-97.3081,US/Central
KFYG,MO,Warren,38.5876,-90.9938,US/Central
KFYV,AR,Washington,36.0103,-94.1678,US/Central
KGAD,AL,Etowah,33.9726,-86.0891,US/Central
KGAO,LA,Lafourche,29.4447,-90.2611,US/Central
KGBD,KS,Barton,38.3443,-98.8592,US/Central
KGCM,OK,Rogers,36.2927,-95.4796,US/Central
KGDB,MN,Yellow Medicine,44.7521,-95.5591,US/Central
KGGG,TX,Gregg,32.384,-94.7115,US/Central
KGGI,IA,Poweshiek,41.7097,-92.7332,US/Central
KGHW,MN,Pope,45.6456,-95.3188,US/Central
KGKY,TX,Tarrant,32.6583,-97.0951,US/Central
KGLH,MS,Washington,33.4829,-90.9856,US/Central
KGLS,TX,Galveston,29.2653,-94.8604,US/Central
KGLW,KY,Barren,37.0318,-85.9537,US/Central
KGLY,MO,Henry,38.3566,-93.6842,US/Central
KGNC,TX,Gaines,32.6753,-102.6527,US/Central
KGPT,MS,Harrison,30.4119,-89.0808,US/Central
KGRI,NE,Hall,40.9611,-98.3136,US/Central
KGRK,TX,Bell,31.0673,-97.8289,US/Central
KGTU,TX,Williamson,30.6808,-97.6767,US/Central
KGUY,OK,Texas,36.6817,-101.5053,US/Central
KGVT,TX,Hunt,33.0678,-96.0653,US/Central
KGWR,ND,Sargent,46.2187,-97.6435,US/Central
KGYI,TX,Grayson,33.7141,-96.6737,US/Central
KGYY,IN,Lake,41.6121,-87.4091,US/Central
KGZH,AL,Conecuh,31.4158,-87.044,US/Central
KGZL,OK,Haskell,35.2913,-95.0955,US/Central
KHAE,MO,Marion,39.7252,-91.4439,US/Central
KHBR,OK,Kiowa,34.9894,-99.0525,US/Central
KHCD,MN,McLeod,44.8596,-94.3855,US/Central
KHDC,LA,Tangipahoa,30.5208,-90.4175,US/Central
KHEZ,MS,Adams,31.6159,-91.2972,US/Central
KHHF,TX,Hemphill,35.8929,-100.4046,US/Central
KHHW,OK,Choctaw,34.0314,-95.5398,US/Central
KHIB,MN,St. Louis,47.3804,-92.8324,US/Central
KHJH,NE,Thayer,40.1493,-97.5872,US/Central
KHON,SD,Beadle,44.3852,-98.2286,US/Central
KHOP,KY,Christian,36.6686,-87.4962,US/Central
KHOT,AR,Garland,34.478,-93.0962,US/Central
KHQZ,TX,Dallas,32.747,-96.5304,US/Central
KHRL,TX,Cameron,26.2285,-97.6544,US/Central
KHRO,AR,Boone,36.2615,-93.1547,US/Central
KHRX,TX,Deaf Smith,34.8578,-102.3264,US/Central
KHSB,IL,Saline,37.8128,-88.5449,US/Central
KHSI,NE,Adams,40.6006,-98.4258,US/Central
KHUM,LA,Terrebonne,29.5634,-90.6628,US/Central
KHYI,TX,Caldwell,29.8958,-97.8664,US/Central
KHZE,ND,Mercer,47.29,-101.581,US/Central
KHZR,LA,Pointe Coupee,30.7183,-91.4787,US/Central
KI75,IA,Clarke,41.0522,-93.6897,US/Central
KIAB,KS,Sedgwick,37.6219,-97.2682,US/Central
KIAH,TX,Harris,29.9844,-95.3607,US/Central
KICT,KS,Sedgwick,37.6472,-97.4294,US/Central
KIGQ,IL,Cook,41.5412,-87.5282,US/Central
KIJX,IL,Morgan,39.774,-90.2419,US/Central
KIKK,IL,Kankakee,41.0687,-87.8537,US/Central
KILE,TX,Bell,31.0858,-97.6865,US/Central
KIMT,MI,Dickinson,45.8184,-88.1146,US/Central
KINK,TX,Winkler,31.7801,-103.2018,US/Central
KISN,ND,Williams,48.1739,-103.6367,US/Central
KISW,WI,Wood,44.3592,-89.8369,US/Central
KIWD,MI,Gogebic,46.5275,-90.1314,US/Central
KIXD,KS,Johnson,38.8309,-94.8903,US/Central
KJBR,AR,Craighead,35.8317,-90.6464,US/Central
KJCT,TX,Kimble,30.5105,-99.7665,US/Central
KJDD,TX,Wood,32.7403,-95.4945,US/Central
KJKA,AL,Baldwin,30.2896,-87.6718,US/Central
KJSO,TX,Cherokee,31.8693,-95.2174,US/Central
KJSV,OK,Sequoyah,35.4381,-94.8028,US/Central
KJVL,WI,Rock,42.6213,-89.0419,US/Central
KJWY,TX,Ellis,32.4603,-96.9107,US/Central
KL38,LA,Ascension,30.1727,-90.9406,US/Central
KLBB,TX,Lubbock,33.6637,-101.8206,US/Central
KLBF,NE,Lincoln,41.1219,-100.6683,US/Central
KLBL,KS,Seward,37.0442,-100.9599,US/Central
KLBR,TX,Red River,33.5932,-95.0636,US/Central
KLFT,LA,Lafayette,30.2115,-91.981,US/Central
KLLQ,AR,Drew,33.636,-91.7555,US/Central
KLNC,TX,Dallas,32.5832,-96.7209,US/Central
KLNK,NE,Lancaster,40.8478,-96.7647,US/Central
KLNL,WI,Vilas,46.1514,-89.2108,US/Central
KLRF,AR,Pulaski,34.9168,-92.1465,US/Central
KLUD,TX,Wise,33.2544,-97.5806,US/Central
KLVJ,TX,Brazoria,29.5189,-95.2417,US/Central
KLWC,KS,Douglas,39.0083,-95.2117,US/Central
KLWD,IA,Decatur,40.6306,-93.9008,US/Central
KLXN,NE,Dawson,40.7911,-99.7772,US/Central
KLXY,TX,Limestone,31.6412,-96.5144,US/Central
KLZK,AR,Pulaski,34.8364,-92.2619,US/Central
KLZZ,TX,Lampasas,31.1059,-98.1975,US/Central
KM40,MS,Monroe,33.8738,-88.4897,US/Central
KM89,AR,Clark,34.0997,-93.0661,US/Central
KMAF,TX,Midland,31.9478,-102.2086,US/Central
KMBG,SD,Walworth,45.5464,-100.4078,US/Central
KMCB,MS,Pike,31.1784,-90.4719,US/Central
KMCK,NE,Red Willow,40.204,-100.5904,US/Central
KMDW,IL,Cook,41.7841,-87.7551,US/Central
KMEI,MS,Lauderdale,32.3347,-88.7511,US/Central
KMFE,TX,Hidalgo,26.1758,-98.2386,US/Central
KMGC,IN,LaPorte,41.7033,-86.8212,US/Central
KMGM,AL,Montgomery,32.3003,-86.4061,US/Central
KMHK,KS,Riley,39.1353,-96.6778,US/Central
KMIB,ND,Ward,48.4158,-101.358,US/Central
KMKE,WI,Milwaukee,42.955,-87.9044,US/Central
KMKL,TN,Madison,35.5931,-88.9167,US/Central
KMKT,MN,Blue Earth,44.2228,-93.9193,US/Central
KMLC,OK,Pittsburg,34.8822,-95.7831,US/Central
KMLI,IL,Rock Island,41.4482,-90.5236,US/Central
KMLU,LA,Ouachita,32.5156,-92.0299,US/Central
KMNZ,TX,Hamilton,31.6659,-98.1486,US/Central
KMOX,MN,Stevens,45.5677,-95.9659,US/Central
KMPZ,IA,Henry,40.9467,-91.5111,US/Central
KMQY,TN,Rutherford,36.009,-86.5201,US/Central
KMRC,TN,Maury,35.5544,-87.1791,US/Central
KMSL,AL,Colbert,34.7439,-87.5996,US/Central
KMSN,WI,Dane,43.1406,-89.3453,US/Central
KMSP,MN,Hennepin,44.8854,-93.2313,US/Central
KMSY,LA,Jefferson,29.9928,-90.2508,US/Central
KMUT,IA,Muscatine,41.367,-91.1406,US/Central
KMVN,IL,Jefferson,38.3284,-88.8529,US/Central
KMWA,IL,Williamson,37.755,-89.0111,US/Central
KMWC,WI,Milwaukee,43.1096,-88.0305,US/Central
KMWM,MN,Cottonwood,43.91,-95.1072,US/Central
KMXF,AL,Montgomery,32.3829,-86.3658,US/Central
KNBG,LA,Plaquemines,29.8374,-90.0245,US/Central
KNBJ,AL,Baldwin,30.3891,-87.6353,US/Central
KNFW,TX,Tarrant,32.781,-97.4365,US/Central
KNKA,MO,Clay,39.1167,-94.6,US/Central
KNPA,FL,Escambia,30.3564,-87.3233,US/Central
KNQI,TX,Kleberg,27.5031,-97.8117,US/Central
KNSE,FL,Santa Rosa,30.7285,-87.0219,US/Central
KOCH,TX,Nacogdoches,31.5778,-94.7094,US/Central
KODX,NE,Valley,41.6234,-98.9488,US/Central
KOFF,NE,Sarpy,41.1183,-95.9125,US/Central
KOFK,NE,Madison,41.9855,-97.4351,US/Central
KOJC,KS,Johnson,38.85,-94.7392,US/Central
KOKM,OK,Okmulgee,35.6681,-95.9486,US/Central
KOLY,IL,Richland,38.7213,-88.1799,US/Central
KOMA,NE,Douglas,41.3119,-95.9018,US/Central
KONA,MN,Winona,44.0772,-91.7083,US/Central
KONL,NE,Holt,42.47,-98.688,US/Central
KOPL,LA,St. Landry,30.5584,-92.0994,US/Central
KORC,IA,Sioux,42.9895,-96.0606,US/Central
KOSA,TX,Titus,33.0956,-94.9614,US/Central
KOTM,IA,Wapello,41.1008,-92.4445,US/Central
KOUN,OK,Cleveland,35.2435,-97.4708,US/Central
KOVL,MN,Renville,44.7792,-95.0303,US/Central
KOWP,OK,Osage,36.1753,-96.1518,US/Central
KOXI,IN,Starke,41.3302,-86.6648,US/Central
KOZA,TX,Crockett,30.735,-101.203,US/Central
KOZR,AL,Dale,31.2767,-85.711,US/Central
KP28,KS,Barber,37.2839,-98.5528,US/Central
KP67,ND,Richland,46.1,-97.15,US/Central
KPAM,FL,Bay,30.0644,-85.5637,US/Central
KPBF,AR,Jefferson,34.1798,-91.9344,US/Central
KPCZ,WI,Waupaca,44.3342,-89.0202,US/Central
KPDC,WI,Crawford,43.0194,-91.1211,US/Central
KPEX,MN,Stearns,45.3725,-94.7388,US/Central
KPEZ,TX,Atascosa,28.9562,-98.5184,US/Central
KPIB,MS,Jones,31.4671,-89.3371,US/Central
KPKD,MN,Hubbard,46.9006,-95.0678,US/Central
KPMV,NE,Cass,40.95,-95.9178,US/Central
KPNC,OK,Kay,36.7311,-97.0997,US/Central
KPNS,FL,Escambia,30.4781,-87.1869,US/Central
KPNT,IL,Livingston,40.9233,-88.6213,US/Central
KPOF,MO,Butler,36.7739,-90.3249,US/Central
KPPA,TX,Gray,35.613,-100.9963,US/Central
KPPQ,IL,Pike,39.6391,-90.7818,US/Central
KPQL,MS,Jackson,30.4628,-88.5292,US/Central
KPQN,MN,Pipestone,43.9854,-96.2976,US/Central
KPRN,AL,Butler,31.8457,-86.6107,US/Central
KPRO,IA,Dallas,41.828,-94.1598,US/Central
KPRS,TX,Presidio,29.6342,-104.3615,US/Central
KPRX,TX,Lamar,33.6366,-95.4507,US/Central
KPSN,TX,Anderson,31.7784,-95.7047,US/Central
KPTN,LA,St. Mary,29.7095,-91.339,US/Central
KPTS,KS,Crawford,37.4495,-94.7311,US/Central
KPTT,KS,Pratt,37.7017,-98.7469,US/Central
KPVB,WI,Grant,42.6909,-90.4412,US/Central
KPVJ,OK,Garvin,34.7111,-97.2233,US/Central
KPVW,TX,Hale,34.1681,-101.7173,US/Central
KPWA,OK,Oklahoma,35.5342,-97.6471,US/Central
KPWK,IL,Cook,42.1208,-87.9047,US/Central
KPYX,TX,Ochiltree,36.4129,-100.7516,US/Central
KRBO,TX,Nueces,27.778,-97.6878,US/Central
KRCE,OK,Canadian,35.4881,-97.8236,US/Central
KRCX,WI,Rusk,45.4935,-90.9985,US/Central
KRDK,IA,Montgomery,41.0107,-95.2624,US/Central
KRDR,ND,Grand Forks,47.9611,-97.4012,US/Central
KRFD,IL,Winnebago,42.1933,-89.0933,US/Central
KRNH,WI,St. Croix,45.1476,-92.5335,US/Central
KROG,AR,Benton,36.3724,-94.107,US/Central
KROS,MN,Chisago,45.6963,-92.9542,US/Central
KROX,MN,Roseau,48.856,-95.6971,US/Central
KRPD,WI,Barron,45.4186,-91.7764,US/Central
KRRL,WI,Lincoln,45.1984,-89.71,US/Central
KRSL,KS,Russell,38.8728,-98.8131,US/Central
KRUE,AR,Pope,35.2574,-93.0949,US/Central
KRVS,OK,Tulsa,36.0425,-95.99,US/Central
KRYW,TX,Travis,30.4967,-97.9659,US/Central
KRZN,WI,Burnett,45.8229,-92.3706,US/Central
KS32,ND,Griggs,47.4228,-98.1059,US/Central
KSDA,IA,Fremont,40.7533,-95.4112,US/Central
KSEP,TX,Erath,32.2153,-98.1777,US/Central
KSET,MO,St. Charles,38.9297,-90.43,US/Central
KSGR,TX,Fort Bend,29.6223,-95.6565,US/Central
KSGS,MN,Dakota,44.8601,-93.032,US/Central
KSHL,IA,O'Brien,43.208,-95.8352,US/Central
KSJT,TX,Tom Green,31.3514,-100.4939,US/Central
KSLB,IA,Buena Vista,42.5972,-95.2399,US/Central
KSLO,IL,Marion,38.6446,-88.9612,US/Central
KSLR,TX,Hopkins,33.1615,-95.6189,US/Central
KSNL,OK,Pottawatomie,35.3573,-96.9428,US/Central
KSOA,TX,Sutton,30.5857,-100.6486,US/Central
KSPI,IL,Sangamon,39.8453,-89.684,US/Central
KSPL,TX,Cameron,26.0711,-97.1577,US/Central
KSPS,TX,Wichita,33.9786,-98.4928,US/Central
KSPW,IA,Clay,43.1683,-95.2101,US/Central
KSTC,MN,Sherburne,45.5442,-94.0516,US/Central
KSTE,WI,Portage,44.5437,-89.5347,US/Central
KSTL,MO,St. Louis County,38.7525,-90.3734,US/Central
KSUE,WI,Door,44.8394,-87.4219,US/Central
KSWW,TX,Nolan,32.4674,-100.4666,US/Central
KSYF,KS,Cheyenne,39.7619,-101.7963,US/Central
KSYN,MN,Goodhue,44.4736,-93.0145,US/Central
KSZL,MO,Johnson,38.7303,-93.5479,US/Central
KT20,TX,Gonzales,29.5291,-97.4643,US/Central
KT65,TX,Hidalgo,26.1775,-97.9731,US/Central
KT82,TX,Gillespie,30.2432,-98.9092,US/Central
KTAZ,IL,Christian,39.5351,-89.3294,US/Central
KTBN,MO,Pulaski,37.7416,-92.1407,US/Central
KTCL,AL,Tuscaloosa,33.2122,-87.6155,US/Central
KTDR,FL,Bay,30.0333,-85.5333,US/Central
KTHA,TN,Coffee,35.38,-86.246,US/Central
KTIF,NE,Thomas,41.9619,-100.5689,US/Central
KTIK,OK,Oklahoma,35.4147,-97.3866,US/Central
KTIP,IL,Champaign,40.2895,-88.1473,US/Central
KTKC,MN,Lyon,44.2495,-95.6119,US/Central
KTKI,TX,Collin,33.1779,-96.5905,US/Central
KTKV,WI,Lincoln,45.468,-89.8096,US/Central
KTOI,AL,Pike,31.8606,-86.0122,US/Central
KTPL,TX,Bell,31.1525,-97.4078,US/Central
KTVK,IA,Appanoose,40.684,-92.901,US/Central
KTWM,MN,Lake,47.0492,-91.745,US/Central
KTXK,AR,Miller,33.4537,-93.991,US/Central
KUBE,WI,Barron,45.506,-91.981,US/Central
KUCY,TN,Obion,36.3797,-88.9857,US/Central
KUES,WI,Waukesha,43.0425,-88.2461,US/Central
KUGN,IL,Lake,42.4255,-87.8634,US/Central
KULM,MN,Brown,44.3227,-94.5024,US/Central
KUOX,MS,Lafayette,34.3843,-89.5368,US/Central
KUTA,MS,Tunica,34.6811,-90.3467,US/Central
KUTS,TX,Walker,30.7439,-95.5861,US/Central
KUVA,TX,Uvalde,29.2113,-99.7436,US/Central
KUXL,LA,Calcasieu,30.1314,-93.3761,US/Central
KVIH,MO,Maries,38.1319,-91.7653,US/Central
KVOK,WI,Juneau,43.9392,-90.2532,US/Central
KVPS,FL,Okaloosa,30.4833,-86.5254,US/Central
KVPZ,IN,Porter,41.4535,-86.9981,US/Central
KVSH,LA,Orleans,29.9526,-90.0826,US/Central
KVWU,MN,Beltrami,48.1501,-94.512,US/Central
KVYS,IL,LaSalle,41.3518,-89.1496,US/Central
KWDG,OK,Garfield,36.3792,-97.7911,US/Central
KXBP,TX,Wise,33.1753,-97.8283,US/Central
KXNA,AR,Benton,36.2898,-94.3114,US/Central
KY19,ND,Morton,46.768,-100.894,US/Central
KY50,WI,Waushara,44.0435,-89.304,US/Central
KY51,WI,Vernon,43.5814,-90.8997,US/Central
KY63,MN,Grant,45.9884,-95.9935,US/Central
K0A9,TN,Carter,36.3712,-82.1734,US/Eastern
K1A5,NC,Macon,35.2228,-83.415,US/Eastern
K1II,IN,Bartholomew,39.342,-86.031,US/Eastern
K2DP,NC,Hyde,35.6667,-75.9,US/Eastern
K2J9,FL,Gadsden,30.5979,-84.5574,US/Eastern
K6A1,GA,Taylor,32.567,-84.251,US/Eastern
K6A2,GA,Spalding,33.227,-84.275,US/Eastern
K6B0,VT,Addison,43.9855,-73.0955,US/Eastern
KAAF,FL,Franklin,29.7268,-85.0248,US/Eastern
KABY,GA,Dougherty,31.5365,-84.1957,US/Eastern
KACB,MI,Antrim,44.9867,-85.2022,US/Eastern
KACK,MA,Nantucket,41.253,-70.061,US/Eastern
KAGC,PA,Allegheny,40.3552,-79.9214,US/Eastern
KAGS,GA,Richmond,33.3644,-81.9633,US/Eastern
KAKH,NC,Gaston,35.1969,-81.1555,US/Eastern
KALB,NY,Albany,42.7472,-73.7991,US/Eastern
KAND,SC,Anderson,34.4978,-82.7097,US/Eastern
KAOO,PA,Blair,40.2964,-78.32,US/Eastern
KAPF,FL,Collier,26.1554,-81.7746,US/Eastern
KAPN,MI,Alpena,45.0717,-83.5644,US/Eastern
KAQW,MA,Berkshire,42.6973,-73.1696,US/Eastern
KARB,MI,Washtenaw,42.224,-83.7397,US/Eastern
KASH,NH,Hillsborough,42.7798,-71.5141,US/Eastern
KASW,IN,Kosciusko,41.2747,-85.8401,US/Eastern
KAVC,VA,Mecklenburg,36.6883,-78.0545,US/Eastern
KAVL,NC,Buncombe,35.4319,-82.5375,US/Eastern
KAVP,PA,Luzerne,41.3335,-75.7227,US/Eastern
KAYS,GA,Ware,31.2504,-82.3957,US/Eastern
KAZE,GA,Jeff Davis,31.885,-82.647,US/Eastern
KBAF,MA,Hampden,42.1601,-72.7124,US/Eastern
KBCB,VA,Montgomery,37.2076,-80.4078,US/Eastern
KBED,MA,Middlesex,42.4681,-71.2946,US/Eastern
KBFD,PA,McKean,41.7984,-78.6354,US/Eastern
KBGE,GA,Decatur,30.9716,-84.6369,US/Eastern
KBGR,ME,Penobscot,44.8074,-68.8281,US/Eastern
KBID,RI,Washington,41.1695,-71.5787,US/Eastern
KBIV,MI,Allegan,42.7461,-86.0967,US/Eastern
KBJJ,OH,Wayne,40.8731,-81.8867,US/Eastern
KBKL,OH,Cuyahoga,41.5173,-81.6832,US/Eastern
KBKW,WV,Raleigh,37.7873,-81.1242,US/Eastern
KBML,NH,Coos,44.5754,-71.1759,US/Eastern
KBOW,FL,Polk,27.9471,-81.7811,US/Eastern
KBQK,GA,Glynn,31.2589,-81.4661,US/Eastern
KBTP,PA,Butler,40.7769,-79.9497,US/Eastern
KBUF,NY,Erie,42.94,-78.736,US/Eastern
KBUY,NC,Alamance,36.0475,-79.4737,US/Eastern
KBVI,PA,Beaver,40.7735,-80.3825,US/Eastern
KBVY,MA,Essex,42.5841,-70.9153,US/Eastern
KCAE,SC,Lexington,33.9423,-81.118,US/Eastern
KCAR,ME,Aroostook,46.8715,-68.0179,US/Eastern
KCBE,WV,Mineral,39.6182,-78.7598,US/Eastern
KCDA,VT,Caledonia,44.5691,-72.018,US/Eastern
KCDN,SC,Kershaw,34.2836,-80.5649,US/Eastern
KCGE,MD,Dorchester,38.5393,-76.0304,US/Eastern
KCGS,MD,Prince George's,38.9806,-76.9223,US/Eastern
KCJR,VA,Culpeper,38.5261,-77.8574,US/Eastern
KCKB,WV,Harrison,39.2966,-80.2281,US/Eastern
KCLE,OH,Cuyahoga,41.4057,-81.8519,US/Eastern
KCLT,NC,Mecklenburg,35.2225,-80.9543,US/Eastern
KCMH,OH,Franklin,39.9907,-82.8769,US/Eastern
KCMX,MI,Houghton,47.166,-88.4807,US/Eastern
KCPC,NC,Columbus,34.2753,-78.7146,US/Eastern
KCSG,GA,Muscogee,32.5161,-84.9422,US/Eastern
KCTJ,GA,Carroll,33.631,-85.152,US/Eastern
KCTY,FL,Dixie,29.6334,-83.1054,US/Eastern
KCXY,PA,York,40.2184,-76.8552,US/Eastern
KDAA,VA,Fairfax County,38.715,-77.181,US/Eastern
KDAB,FL,Volusia,29.1735,-81.0719,US/Eastern
KDAN,VA,Danville,36.5729,-79.3361,US/Eastern
KDAW,NH,Strafford,43.2794,-70.9243,US/Eastern
KDCM,SC,Chester,34.7893,-81.1958,US/Eastern
KDED,FL,Volusia,29.067,-81.2837,US/Eastern
KDMH,MD,Baltimore City,39.2814,-76.6111,US/Eastern
KDNL,GA,Richmond,33.4669,-82.0384,US/Eastern
KDOV,DE,Kent,39.1295,-75.466,US/Eastern
KDPL,NC,Duplin,34.9994,-77.98,US/Eastern
KDVK,KY,Lincoln,37.578,-84.77,US/Eastern
KDYB,SC,Dorchester,33.063,-80.279,US/Eastern
KECG,NC,Pasquotank,36.2577,-76.1716,US/Eastern
KEDE,NC,Chowan,36.0277,-76.5671,US/Eastern
KEEN,NH,Cheshire,42.8984,-72.2708,US/Eastern
KEHO,NC,Cleveland,35.2556,-81.5986,US/Eastern
KEKM,IN,Elkhart,41.7222,-86.0001,US/Eastern
KELZ,NY,Allegany,42.1078,-77.9842,US/Eastern
KEOE,SC,Newberry,34.3061,-81.6414,US/Eastern
KEQY,NC,Union,35.0147,-80.6242,US/Eastern
KERI,PA,Erie,42.08,-80.1825,US/Eastern
KESN,MD,Talbot,38.8042,-76.069,US/Eastern
KEVB,FL,Volusia,29.0569,-80.9491,US/Eastern
KEWB,MA,Bristol,41.6791,-70.9591,US/Eastern
KEWN,NC,Craven,35.0675,-77.0472,US/Eastern
KEWR,NJ,Union,40.6827,-74.1693,US/Eastern
KEXX,NC,Davidson,35.7811,-80.3038,US/Eastern
KEYF,NC,Bladen,34.6042,-78.579,US/Eastern
KEZF,VA,Spotsylvania,38.2662,-77.4494,US/Eastern
KEZM,GA,Dodge,32.214,-83.128,US/Eastern
KFAY,NC,Cumberland,34.9896,-78.8801,US/Eastern
KFBG,NC,Cumberland,35.1314,-78.9316,US/Eastern
KFCI,VA,Chesterfield,37.4066,-77.5224,US/Eastern
KFDK,MD,Frederick,39.4177,-77.3698,US/Eastern
KFFA,NC,Dare,36.0182,-75.6713,US/Eastern
KFFO,OH,Greene,39.8261,-84.0483,US/Eastern
KFFT,KY,Franklin,38.1847,-84.9033,US/Eastern
KFHB,FL,Nassau,30.6118,-81.4612,US/Eastern
KFIG,PA,Clearfield,41.0467,-78.4117,US/Eastern
KFKL,PA,Venango,41.3779,-79.8604,US/Eastern
KFKN,VA,Isle of Wight,36.7003,-76.9021,US/Eastern
KFLL,FL,Broward,26.0787,-80.1622,US/Eastern
KFLO,SC,Florence,34.1878,-79.7308,US/Eastern
KFME,MD,Anne Arundel,39.0854,-76.7594,US/Eastern
KFMH,MA,Barnstable,41.6584,-70.5214,US/Eastern
KFMY,FL,Lee,26.5849,-81.8615,US/Eastern
KFNT,MI,Genesee,42.9667,-83.7494,US/Eastern
KFOK,NY,Suffolk,40.8505,-72.6193,US/Eastern
KFPR,FL,St. Lucie,27.4981,-80.3767,US/Eastern
KFQD,NC,Rutherford,35.4282,-81.9351,US/Eastern
KFSO,VT,Franklin,44.9412,-73.0997,US/Eastern
KFTK,KY,Hardin,37.9071,-85.9721,US/Eastern
KFVX,VA,Cumberland,37.3539,-78.4372,US/Eastern
KFZY,NY,Oswego,43.3504,-76.3832,US/Eastern
KGEZ,IN,Shelby,39.5855,-85.7998,US/Eastern
KGGP,IN,Cass,40.711,-86.375,US/Eastern
KGHG,MA,Plymouth,42.0983,-70.6722,US/Eastern
KGKJ,PA,Crawford,41.6258,-80.2123,US/Eastern
KGMU,SC,Greenville,34.8487,-82.35,US/Eastern
KGOV,MI,Crawford,44.6803,-84.7289,US/Eastern
KGSP,SC,Spartanburg,34.8839,-82.2208,US/Eastern
KHAI,MI,St. Joseph,41.9597,-85.5934,US/Eastern
KHAO,OH,Butler,39.3612,-84.5206,US/Eastern
KHBI,NC,Randolph,35.6527,-79.8942,US/Eastern
KHEF,VA,Manassas,38.7214,-77.5154,US/Eastern
KHFD,CT,Hartford,41.7367,-72.6494,US/Eastern
KHGR,MD,Washington,39.7062,-77.7304,US/Eastern
KHIE,NH,Coos,44.3659,-71.5522,US/Eastern
KHLG,WV,Ohio,40.175,-80.6463,US/Eastern
KHLX,VA,Carroll,36.7661,-80.8236,US/Eastern
KHMZ,PA,Bedford,40.0853,-78.5122,US/Eastern
KHNZ,NC,Granville,36.3635,-78.5289,US/Eastern
KHQU,GA,McDuffie,33.5297,-82.5164,US/Eastern
KHSE,NC,Dare,35.2322,-75.6225,US/Eastern
KHSP,VA,Bath,37.9514,-79.8339,US/Eastern
KHUF,IN,Vigo,39.4429,-87.3221,US/Eastern
KHWO,FL,Broward,25.9995,-80.2412,US/Eastern
KHXD,SC,Beaufort,32.2244,-80.6975,US/Eastern
KHYX,MI,Saginaw,43.4319,-83.8648,US/Eastern
KHZY,OH,Ashtabula,41.778,-80.6955,US/Eastern
KI16,WV,Wyoming,37.6004,-81.5593,US/Eastern
KI35,KY,Harlan,36.8593,-83.3585,US/Eastern
KI39,KY,Madison,37.6308,-84.3323,US/Eastern
KIAD,VA,Fairfax County,38.9348,-77.4473,US/Eastern
KIJD,CT,Windham,41.7425,-72.1825,US/Eastern
KILM,NC,New Hanover,34.2706,-77.9026,US/Eastern
KIMM,FL,Collier,26.4338,-81.4014,US/Eastern
KINF,FL,Citrus,28.804,-82.318,US/Eastern
KINT,NC,Forsyth,36.1335,-80.2244,US/Eastern
KIOB,KY,Montgomery,38.0575,-83.9829,US/Eastern
KIPJ,NC,Lincoln,35.4833,-81.1612,US/Eastern
KIPT,PA,Lycoming,41.243,-76.9217,US/Eastern
KIRS,MI,St. Joseph,41.8153,-85.4376,US/Eastern
KISM,FL,Osceola,28.2924,-81.4372,US/Eastern
KITH,NY,Tompkins,42.4908,-76.4583,US/Eastern
KIWI,ME,Lincoln,43.964,-69.7108,US/Eastern
KIXA,NC,Halifax,36.33,-77.635,US/Eastern
KJAX,FL,Duval,30.4953,-81.6937,US/Eastern
KJES,GA,Wayne,31.554,-81.8825,US/Eastern
KJFK,NY,Queens,40.6392,-73.7639,US/Eastern
KJGG,VA,James City,37.2416,-76.7167,US/Eastern
KJHW,NY,Chautauqua,42.1534,-79.258,US/Eastern
KJNX,NC,Johnston,35.5408,-78.3903,US/Eastern
KJQF,NC,Cabarrus,35.3896,-80.7074,US/Eastern
KJST,PA,Cambria,40.3149,-78.8307,US/Eastern
KJYM,MI,Hillsdale,41.9197,-84.5853,US/Eastern
KJZI,SC,Charleston,32.701,-80.003,US/Eastern
KK22,KY,Martin,37.751,-82.6367,US/Eastern
KLAF,IN,Tippecanoe,40.4124,-86.9474,US/Eastern
KLCI,NH,Belknap,43.5727,-71.4189,US/Eastern
KLDJ,NJ,Union,40.6162,-74.2451,US/Eastern
KLDM,MI,Mason,43.9625,-86.4079,US/Eastern
KLEX,KY,Fayette,38.0339,-84.6115,US/Eastern
KLHQ,OH,Fairfield,39.7556,-82.6571,US/Eastern
KLHW,GA,Liberty,31.8872,-81.5624,US/Eastern
KLKR,SC,Lancaster,34.7229,-80.8546,US/Eastern
KLOM,PA,Montgomery,40.1376,-75.2684,US/Eastern
KLOZ,KY,Laurel,37.087,-84.077,US/Eastern
KLQK,SC,Pickens,34.81,-82.7029,US/Eastern
KLUX,SC,Laurens,34.5071,-81.9472,US/Eastern
KLWB,WV,Greenbrier,37.8583,-80.3995,US/Eastern
KLZU,GA,Gwinnett,33.9829,-83.9584,US/Eastern
KMAO,SC,Marion,34.181,-79.335,US/Eastern
KMBL,MI,Manistee,44.2714,-86.2377,US/Eastern
KMBS,MI,Saginaw,43.5281,-84.0813,US/Eastern
KMEB,NC,Scotland,34.7913,-79.3683,US/Eastern
KMFD,OH,Richland,40.8203,-82.5178,US/Eastern
KMGJ,NY,Orange,41.5092,-74.265,US/Eastern
KMIV,NJ,Cumberland,39.3662,-75.0778,US/Eastern
KMJX,NJ,Ocean,39.9275,-74.2924,US/Eastern
KMKS,SC,Berkeley,33.1855,-80.0362,US/Eastern
KMKY,FL,Collier,25.995,-81.6725,US/Eastern
KMLJ,GA,Baldwin,33.1542,-83.2406,US/Eastern
KMLT,ME,Penobscot,45.6478,-68.6925,US/Eastern
KMMT,SC,Richland,33.9208,-80.8013,US/Eastern
KMMU,NJ,Morris,40.7989,-74.4163,US/Eastern
KMNN,OH,Marion,40.6163,-83.0635,US/Eastern
KMOP,MI,Isabella,43.6229,-84.743,US/Eastern
KMPO,PA,Monroe,41.1382,-75.3797,US/Eastern
KMQE,MA,Norfolk,42.2121,-71.1142,US/Eastern
KMQI,NC,Dare,35.919,-75.6955,US/Eastern
KMQS,PA,Chester,39.979,-75.8655,US/Eastern
KMRB,WV,Berkeley,39.4037,-77.975,US/Eastern
KMRH,NC,Carteret,34.7326,-76.6566,US/Eastern
KMSS,NY,St. Lawrence,44.9358,-74.8455,US/Eastern
KMSV,NY,Sullivan,41.7016,-74.795,US/Eastern
KMTC,MI,Macomb,42.6046,-82.8353,US/Eastern
KMTN,MD,Baltimore County,39.3215,-76.4065,US/Eastern
KMWK,NC,Surry,36.4567,-80.5548,US/Eastern
KMWN,NH,Coos,44.2708,-71.3035,US/Eastern
KMWO,OH,Butler,39.531,-84.3953,US/Eastern
KNAK,MD,Anne Arundel,38.9913,-76.4891,US/Eastern
KNBC,SC,Beaufort,32.4774,-80.7232,US/Eastern
KNBT,NC,Carteret,35.0222,-76.4625,US/Eastern
KNEL,NJ,Ocean,40.0366,-74.3525,US/Eastern
KNGU,VA,Norfolk,36.9375,-76.2893,US/Eastern
KNHK,MD,St. Mary's,38.286,-76.4118,US/Eastern
KNHZ,ME,Cumberland,43.8922,-69.9386,US/Eastern
KNIP,FL,Duval,30.2347,-81.6746,US/Eastern
KNQX,FL,Monroe,24.5801,-81.6829,US/Eastern
KNYG,VA,Stafford,38.5033,-77.3013,US/Eastern
KOEB,MI,Branch,41.9308,-85.0543,US/Eastern
KOGS,NY,St. Lawrence,44.6799,-75.4642,US/Eastern
KOKZ,GA,Washington,32.9667,-82.8382,US/Eastern
KOLE,NY,Cattaraugus,42.2413,-78.3714,US/Eastern
KOMN,FL,Volusia,29.3009,-81.111,US/Eastern
KONX,NC,Currituck,36.3989,-76.0164,US/Eastern
KONZ,MI,Wayne,42.0986,-83.1611,US/Eastern
KOQT,TN,Anderson,36.023,-84.2336,US/Eastern
KOQU,RI,Washington,41.5971,-71.4121,US/Eastern
KORE,MA,Franklin,42.57,-72.2869,US/Eastern
KORF,VA,Virginia Beach,36.9036,-76.1919,US/Eastern
KOWD,MA,Norfolk,42.1912,-71.1733,US/Eastern
KOXC,CT,New Haven,41.4741,-73.1354,US/Eastern
KP58,MI,Huron,44.0219,-82.7931,US/Eastern
KP59,MI,Keweenaw,47.4669,-87.875,US/Eastern
KPBI,FL,Palm Beach,26.6851,-80.0992,US/Eastern
KPCW,OH,Ottawa,41.5163,-82.8695,US/Eastern
KPDK,GA,DeKalb,33.8784,-84.298,US/Eastern
KPGD,FL,Charlotte,26.9185,-81.9939,US/Eastern
KPHD,OH,Tuscarawas,40.4719,-81.4236,US/Eastern
KPHF,VA,Newport News,37.1322,-76.494,US/Eastern
KPHL,PA,Delaware,39.8733,-75.2268,US/Eastern
KPIE,FL,Pinellas,27.9126,-82.6855,US/Eastern
KPIT,PA,Allegheny,40.4814,-80.2083,US/Eastern
KPLN,MI,Emmet,45.5644,-84.7929,US/Eastern
KPMP,FL,Broward,26.2464,-80.111,US/Eastern
KPNE,PA,Philadelphia,40.0789,-75.0134,US/Eastern
KPSF,MA,Berkshire,42.4269,-73.289,US/Eastern
KPSK,VA,Pulaski,37.1373,-80.6785,US/Eastern
KPTB,VA,Dinwiddie,37.1838,-77.5074,US/Eastern
KPTK,MI,Oakland,42.6632,-83.4101,US/Eastern
KPUJ,GA,Paulding,33.912,-84.941,US/Eastern
KPVD,RI,Kent,41.7225,-71.4325,US/Eastern
KPYM,MA,Plymouth,41.9085,-70.7279,US/Eastern
KPZQ,MI,Presque Isle,45.4071,-83.8129,US/Eastern
KRCZ,NC,Richmond,34.8954,-79.7575,US/Eastern
KRDG,PA,Berks,40.3734,-75.9593,US/Eastern
KRJD,MD,Caroline,38.9701,-75.8663,US/Eastern
KRKD,ME,Knox,44.0601,-69.0993,US/Eastern
KRME,NY,Oneida,43.2338,-75.407,US/Eastern
KRMN,VA,Stafford,38.3981,-77.4555,US/Eastern
KRMY,MI,Calhoun,42.2524,-84.9525,US/Eastern
KRNP,MI,Shiawassee,42.9931,-84.1389,US/Eastern
KROA,VA,Roanoke City,37.3169,-79.9742,US/Eastern
KRSP,MD,Frederick,39.645,-77.468,US/Eastern
KRSW,FL,Lee,26.5381,-81.7567,US/Eastern
KRWI,NC,Nash,35.8502,-77.8952,US/Eastern
KSBN,IN,St. Joseph,41.7072,-86.3164,US/Eastern
KSBO,GA,Emanuel,32.6091,-82.3699,US/Eastern
KSBY,MD,Wicomico,38.3405,-75.5103,US/Eastern
KSDF,KY,Jefferson,38.1744,-85.736,US/Eastern
KSEG,PA,Snyder,40.8193,-76.8658,US/Eastern
KSFB,FL,Seminole,28.7797,-81.2436,US/Eastern
KSFM,ME,York,43.3939,-70.708,US/Eastern
KSGJ,FL,St. Johns,29.9592,-81.341,US/Eastern
KSIF,NC,Rockingham,36.4372,-79.851,US/Eastern
KSJX,MI,Charlevoix,45.6928,-85.5662,US/Eastern
KSLH,MI,Cheboygan,45.6536,-84.5192,US/Eastern
KSLK,NY,Franklin,44.3853,-74.2062,US/Eastern
KSMS,SC,Sumter,33.995,-80.3613,US/Eastern
KSNC,CT,Middlesex,41.3839,-72.5059,US/Eastern
KSPA,SC,Spartanburg,34.9157,-81.9565,US/Eastern
KSPG,FL,Pinellas,27.7685,-82.6256,US/Eastern
KSRQ,FL,Manatee,27.4014,-82.5586,US/Eastern
KSSC,SC,Sumter,33.9727,-80.4706,US/Eastern
KSUA,FL,Martin,27.1816,-80.2252,US/Eastern
KSUT,NC,Brunswick,33.9292,-78.0722,US/Eastern
KSVH,NC,Iredell,35.7636,-80.9473,US/Eastern
KSYR,NY,Onondaga,43.1111,-76.1038,US/Eastern
KTEB,NJ,Bergen,40.859,-74.0562,US/Eastern
KTEW,MI,Ingham,42.5658,-84.4232,US/Eastern
KTIX,FL,Brevard,28.5148,-80.7992,US/Eastern
KTLH,FL,Leon,30.3935,-84.3513,US/Eastern
KTMA,GA,Tift,31.429,-83.489,US/Eastern
KTMB,FL,Miami-Dade,25.6423,-80.4347,US/Eastern
KTNB,NC,Watauga,36.1986,-81.6517,US/Eastern
KTOC,GA,Stephens,34.594,-83.296,US/Eastern
KTPF,FL,Hillsborough,27.9152,-82.4518,US/Eastern
KTRI,TN,Sullivan,36.4797,-82.3989,US/Eastern
KTYQ,IN,Boone,40.0307,-86.2514,US/Eastern
KUDG,SC,Darlington,34.4494,-79.8901,US/Eastern
KUNI,OH,Athens,39.2119,-82.2293,US/Eastern
KUUU,RI,Newport,41.5324,-71.2815,US/Eastern
KUZA,SC,York,34.9878,-81.0572,US/Eastern
KVAD,GA,Lowndes,30.9791,-83.1925,US/Eastern
KVAY,NJ,Burlington,39.9408,-74.8407,US/Eastern
KVDF,FL,Hillsborough,28.0198,-82.3415,US/Eastern
KVDI,GA,Toombs,32.1927,-82.3712,US/Eastern
KVES,OH,Darke,40.2044,-84.5319,US/Eastern
KVJI,VA,Washington,36.6871,-82.0333,US/Eastern
KVLL,MI,Oakland,42.5429,-83.1779,US/Eastern
KVPC,GA,Bartow,34.1159,-84.8506,US/Eastern
KVVG,FL,Sumter,28.9444,-81.9701,US/Eastern
KW22,WV,Upshur,39.001,-80.2712,US/Eastern
KW29,MD,Queen Anne's,38.9767,-76.33,US/Eastern
KW99,WV,Grant,38.9949,-79.1459,US/Eastern
KWAL,VA,Accomack,37.9372,-75.4662,US/Eastern
KWBC,MD,Prince George's,38.85,-76.93,US/Eastern
KWWD,NJ,Cape May,39.0108,-74.9079,US/Eastern
KXFL,FL,Flagler,29.4674,-81.2063,US/Eastern
KXMR,FL,Brevard,28.4676,-80.5666,US/Eastern
KXSA,VA,Essex,37.8606,-76.9016,US/Eastern
KZPH,FL,Pasco,28.2281,-82.1559,US/Eastern
KZZV,OH,Muskingum,39.9444,-81.8921,US/Eastern
K04V,CO,Saguache,38.0972,-106.1689,US/Mountain
K0E0,NM,Torrance,34.9837,-105.9958,US/Mountain
K1V6,CO,Fremont,38.428,-105.1058,US/Mountain
K20U,ND,Golden Valley,46.9252,-103.9821,US/Mountain
K20V,CO,Grand,40.0536,-106.3689,US/Mountain
K2V5,CO,Yuma,40.0993,-102.2431,US/Mountain
K33V,CO,Jackson,40.7454,-106.2754,US/Mountain
K36U,UT,Wasatch,40.4774,-111.433,US/Mountain
K3TH,MT,Sanders,47.6,-115.3667,US/Mountain
K4BL,UT,San Juan,37.6167,-109.4667,US/Mountain
K4HV,UT,Wayne,38.3667,-110.7167,US/Mountain
K4MR,NM,Roosevelt County,34.295,-103.786,US/Mountain
K4SL,NM,Sandoval,35.799,-107.181,US/Mountain
K5T6,NM,Doña Ana,31.8798,-106.6973,US/Mountain
K8S0,MT,Glacier,48.6011,-113.1147,US/Mountain
KABH,CO,El Paso,38.7578,-104.3013,US/Mountain
KAEG,NM,Bernalillo,35.145,-106.795,US/Mountain
KAEJ,CO,Chaffee,38.8142,-106.1207,US/Mountain
KAFF,CO,El Paso,38.9697,-104.8131,US/Mountain
KAFO,WY,Lincoln,42.7112,-110.9422,US/Mountain
KAIA,NE,Box Butte,42.0572,-102.8,US/Mountain
KAJZ,CO,Delta,38.7869,-108.0658,US/Mountain
KALS,CO,Alamosa,37.4393,-105.8618,US/Mountain
KANK,CO,Chaffee,38.5388,-106.0494,US/Mountain
KARL,WY,Carbon,41.6,-106.21,US/Mountain
KASE,CO,Pitkin,39.2299,-106.8705,US/Mountain
KAXX,NM,Colfax,36.4259,-105.2903,US/Mountain
KBCE,UT,Garfield,37.7013,-112.149,US/Mountain
KBDG,UT,San Juan,37.5828,-109.4831,US/Mountain
KBFU,WY,Campbell,43.9325,-105.4465,US/Mountain
KBHK,MT,Fallon,46.3476,-104.2594,US/Mountain
KBMC,UT,Box Elder,41.5524,-112.0622,US/Mountain
KBPP,ND,Bowman,46.187,-103.4281,US/Mountain
KBVR,WY,Fremont,42.5833,-108.2833,US/Mountain
KBXK,AZ,Maricopa,33.4204,-112.6862,US/Mountain
KBYG,WY,Johnson,44.3812,-106.7195,US/Mountain
KBYI,ID,Cassia,42.5453,-113.7686,US/Mountain
KCAG,CO,Moffat,40.493,-107.5239,US/Mountain
KCCU,CO,Summit,39.4752,-106.1523,US/Mountain
KCDC,UT,Iron,37.7067,-113.097,US/Mountain
KCGZ,AZ,Pinal,32.9549,-111.7668,US/Mountain
KCHD,AZ,Maricopa,33.2691,-111.8111,US/Mountain
KCMR,AZ,Coconino,35.3022,-112.1942,US/Mountain
KCNM,NM,Eddy,32.3336,-104.2584,US/Mountain
KCOD,WY,Park,44.5202,-109.0238,US/Mountain
KCOS,CO,El Paso,38.8095,-104.6887,US/Mountain
KCPR,WY,Natrona,42.8975,-106.4731,US/Mountain
KCPW,CO,Mineral,37.4514,-106.8003,US/Mountain
KCTB,MT,Glacier,48.6084,-112.3761,US/Mountain
KCTD,WY,Sweetwater,41.7297,-107.7252,US/Mountain
KCVS,NM,Curry,34.3828,-103.3221,US/Mountain
KD07,SD,Meade,45.0326,-102.02,US/Mountain
KDGW,WY,Converse,42.796,-105.3804,US/Mountain
KDIJ,ID,Teton,43.745,-111.0912,US/Mountain
KDIK,ND,Stark,46.7973,-102.8019,US/Mountain
KDLN,MT,Beaverhead,45.2575,-112.5544,US/Mountain
KDMN,NM,Luna,32.2593,-107.7205,US/Mountain
KDVT,AZ,Maricopa,33.6903,-112.0662,US/Mountain
KE33,NM,Rio Arriba,36.9,-106.5833,US/Mountain
KEFC,SD,Butte,44.7342,-103.862,US/Mountain
KEGE,CO,Eagle,39.6443,-106.9144,US/Mountain
KEMM,WY,Lincoln,41.8241,-110.557,US/Mountain
KENV,UT,Tooele,40.7187,-114.0309,US/Mountain
KFFZ,AZ,Maricopa,33.4608,-111.7283,US/Mountain
KFHU,AZ,Cochise,31.5883,-110.3442,US/Mountain
KFLY,CO,El Paso,38.9439,-104.5684,US/Mountain
KFMN,NM,San Juan,36.7436,-108.2293,US/Mountain
KFNL,CO,Larimer,40.4518,-105.0113,US/Mountain
KGCC,WY,Campbell,44.3394,-105.5419,US/Mountain
KGCN,AZ,Coconino,35.9458,-112.1554,US/Mountain
KGEU,AZ,Maricopa,33.5281,-112.2926,US/Mountain
KGGW,MT,Valley,48.2142,-106.6213,US/Mountain
KGLD,KS,Sherman,39.3675,-101.6931,US/Mountain
KGTF,MT,Cascade,47.4733,-111.3822,US/Mountain
KGUN,WY,Laramie,41.4417,-104.3467,US/Mountain
KGUP,NM,McKinley,35.5086,-108.7932,US/Mountain
KHDN,CO,Routt,40.4812,-107.2177,US/Mountain
KHEQ,CO,Phillips,40.5716,-102.2768,US/Mountain
KHIF,UT,Davis,41.1111,-111.9623,US/Mountain
KHMN,NM,Otero,32.8519,-106.1085,US/Mountain
KHOB,NM,Lea,32.6875,-103.217,US/Mountain
KHVR,MT,Hill,48.5428,-109.7633,US/Mountain
KIEN,SD,Oglala Lakota,43.0206,-102.5183,US/Mountain
KIFP,AZ,Mohave,35.1575,-114.5594,US/Mountain
KIGM,AZ,Mohave,35.2578,-113.9331,US/Mountain
KIML,NE,Chase,40.5103,-101.6201,US/Mountain
KINW,AZ,Navajo,35.028,-110.722,US/Mountain
KJAC,WY,Teton,43.6128,-110.737,US/Mountain
KJDN,MT,Garfield,47.3258,-106.9475,US/Mountain
KJER,ID,Jerome,42.7274,-114.4547,US/Mountain
KLAR,WY,Albany,41.3165,-105.6729,US/Mountain
KLHX,CO,Otero,38.0495,-103.5133,US/Mountain
KLIC,CO,Lincoln,39.2733,-103.6674,US/Mountain
KLLJ,ID,Custer,44.523,-114.2161,US/Mountain
KLMO,CO,Boulder,40.1611,-105.1604,US/Mountain
KLND,WY,Fremont,42.8154,-108.7261,US/Mountain
KLSB,NM,Hidalgo,32.3335,-108.6917,US/Mountain
KM46,MT,Rosebud,45.8528,-106.7093,US/Mountain
KMLF,UT,Beaver,38.4225,-113.0109,US/Mountain
KMNH,CO,Elbert,39.2231,-104.6422,US/Mountain
KMSO,MT,Missoula,46.9208,-114.0925,US/Mountain
KMTR,CA,Monterey,36.6005,-121.8714,US/Mountain
KMYP,CO,Gunnison,38.4844,-106.3169,US/Mountain
KOGA,NE,Keith,41.1195,-101.7697,US/Mountain
KOLF,MT,Roosevelt,48.0945,-105.5751,US/Mountain
KOLS,AZ,Santa Cruz,31.4208,-110.8458,US/Mountain
KP08,AZ,Pinal,32.9359,-111.4265,US/Mountain
KP60,WY,Teton,44.5444,-110.4211,US/Mountain
KP69,ID,Idaho,46.1442,-115.5964,US/Mountain
KPAT,WY,Natrona,42.5587,-106.8474,US/Mountain
KPHP,SD,Haakon,44.0511,-101.6011,US/Mountain
KPHX,AZ,Maricopa,33.4277,-112.0038,US/Mountain
KPIN,WY,Johnson,44.5343,-106.8049,US/Mountain
KPRZ,NM,Roosevelt,34.1436,-103.4109,US/Mountain
KPSO,CO,Archuleta,37.2863,-107.056,US/Mountain
KPUC,UT,Carbon,39.6089,-110.7555,US/Mountain
KPUM,WY,Albany,41.052,-105.4694,US/Mountain
KPVU,UT,Utah,40.2192,-111.7234,US/Mountain
KRAP,SD,Pennington,44.0459,-103.0544,US/Mountain
KRCA,SD,Meade,44.1451,-103.1036,US/Mountain
KROW,NM,Chaves,33.3074,-104.5082,US/Mountain
KRYN,AZ,Pima,32.1422,-111.1746,US/Mountain
KS14,ID,Clark,44.35,-112.1833,US/Mountain
KSAA,WY,Carbon,41.4435,-106.8275,US/Mountain
KSAD,AZ,Graham,32.8566,-109.636,US/Mountain
KSAF,NM,Santa Fe,35.611,-106.0957,US/Mountain
KSDL,AZ,Maricopa,33.6123,-111.9232,US/Mountain
KSEZ,AZ,Yavapai,34.8468,-111.7884,US/Mountain
KSGE,WY,Lincoln,41.8191,-110.974,US/Mountain
KSHC,WY,Sweetwater,41.9308,-109.9687,US/Mountain
KSHR,WY,Sheridan,44.7603,-106.9741,US/Mountain
KSIB,WY,Platte,42.45,-105.0333,US/Mountain
KSKX,NM,Taos,36.4582,-105.6724,US/Mountain
KSMN,ID,Lemhi,45.1238,-113.8813,US/Mountain
KSOW,AZ,Navajo,34.2686,-110.002,US/Mountain
KSRR,NM,Lincoln,33.4668,-105.5278,US/Mountain
KSUN,ID,Blaine,43.5038,-114.2956,US/Mountain
KSVC,NM,Grant,32.631,-108.1466,US/Mountain
KT62,UT,Tooele,40.3167,-112.3,US/Mountain
KTBX,WY,Hot Springs,43.467,-108.238,US/Mountain
KTCC,NM,Quay,35.1805,-103.6014,US/Mountain
KTEX,CO,San Miguel,37.9538,-107.9085,US/Mountain
KTMH,WY,Natrona,43.1235,-106.3375,US/Mountain
KTMK,OR,Tillamook,45.421,-123.8144,US/Mountain
KTOR,WY,Goshen,42.0613,-104.1584,US/Mountain
KU24,UT,Millard,39.3375,-112.5861,US/Mountain
KU28,UT,Emery,39.0,-110.1667,US/Mountain
KVDW,WY,Albany,41.1566,-105.4033,US/Mountain
KVTP,CO,Costilla,37.5011,-105.1669,US/Mountain
KW43,WY,Crook,44.6629,-104.5678,US/Mountain
KWEY,MT,Gallatin,44.65,-111.1,US/Mountain
KWRL,WY,Washakie,43.9654,-107.9502,US/Mountain
KWYS,MT,Gallatin,44.6884,-111.1176,US/Mountain
K1YT,WA,Yakima,46.6667,-120.45,US/Pacific
K3A6,CA,Los Angeles,34.3667,-118.5667,US/Pacific
K65S,ID,Boundary,48.726,-116.295,US/Pacific
K87Q,CA,San Luis Obispo,35.6656,-121.2847,US/Pacific
KAAT,CA,Modoc,41.4836,-120.5615,US/Pacific
KACV,CA,Humboldt,40.9785,-124.1048,US/Pacific
KAJO,CA,Riverside,33.8977,-117.6024,US/Pacific
KAPC,CA,Napa,38.2132,-122.2807,US/Pacific
KAUD,LA,Orleans,29.9333,-90.1333,US/Pacific
KAUN,CA,Placer,38.9554,-121.0864,US/Pacific
KBAB,CA,Yuba,39.1361,-121.4366,US/Pacific
KBDN,OR,Deschutes,44.095,-121.2,US/Pacific
KBFI,WA,King,47.5455,-122.3147,US/Pacific
KBIH,CA,Inyo,37.3711,-118.3581,US/Pacific
KBKE,OR,Baker,44.843,-117.8099,US/Pacific
KBUR,CA,Los Angeles,34.1997,-118.3654,US/Pacific
KBVU,NV,Clark,35.947,-114.861,US/Pacific
KBYS,CA,San Bernardino,35.2805,-116.63,US/Pacific
KCEC,CA,Del Norte,41.7837,-124.238,US/Pacific
KCLS,WA,Lewis,46.677,-122.9827,US/Pacific
KCNO,CA,San Bernardino,33.9753,-117.6361,US/Pacific
KCQT,CA,Los Angeles,34.0235,-118.2912,US/Pacific
KCQV,WA,Stevens,48.55,-117.8833,US/Pacific
KCRQ,CA,San Diego,33.1283,-117.2801,US/Pacific
KCVH,CA,San Benito,36.8933,-121.4103,US/Pacific
KCVO,OR,Benton,44.4971,-123.2895,US/Pacific
KCXP,NV,Carson City,39.1906,-119.7319,US/Pacific
KCZZ,CA,San Diego,32.6261,-116.4683,US/Pacific
KDAG,CA,San Bernardino,34.8536,-116.7858,US/Pacific
KDVO,CA,Marin,38.1418,-122.5546,US/Pacific
KEDW,CA,Kern,34.9054,-117.8837,US/Pacific
KEKA,CA,Humboldt,40.8034,-124.1128,US/Pacific
KELN,WA,Kittitas,47.0338,-120.5313,US/Pacific
KEMT,CA,Los Angeles,34.086,-118.0348,US/Pacific
KEPH,WA,Grant,47.3076,-119.5159,US/Pacific
KEUG,OR,Lane,44.1246,-123.212,US/Pacific
KFAT,CA,Fresno,36.78,-119.7194,US/Pacific
KFHR,WA,San Juan,48.52,-123.0264,US/Pacific
KFUL,CA,Orange,33.872,-117.9798,US/Pacific
KGCD,OR,Grant,44.4029,-118.9672,US/Pacific
KGRF,WA,Pierce,47.0792,-122.5808,US/Pacific
KHAF,CA,San Mateo,37.5136,-122.4996,US/Pacific
KHHR,CA,Los Angeles,33.9228,-118.3352,US/Pacific
KHQM,WA,Grays Harbor,46.9727,-123.9302,US/Pacific
KIYK,CA,Kern,35.6588,-117.8295,US/Pacific
KIZA,CA,Santa Barbara,34.6069,-120.0756,US/Pacific
KKLS,WA,Cowlitz,46.1155,-122.8927,US/Pacific
KL35,CA,San Bernardino,34.2638,-116.856,US/Pacific
KLAS,NV,Clark,36.0719,-115.1634,US/Pacific
KLAX,CA,Los Angeles,33.9382,-118.3865,US/Pacific
KLHM,CA,Placer,38.9092,-121.3513,US/Pacific
KLMT,OR,Klamath,42.147,-121.7255,US/Pacific
KLOL,NV,Pershing,40.0684,-118.5702,US/Pacific
KLPC,CA,Santa Barbara,34.6656,-120.4675,US/Pacific
KLSV,NV,Clark,36.2362,-115.0343,US/Pacific
KLWS,ID,Nez Perce,46.3745,-117.0154,US/Pacific
KMAE,CA,Madera,36.9851,-120.1106,US/Pacific
KMER,CA,Merced,37.3805,-120.5682,US/Pacific
KMFR,OR,Jackson,42.375,-122.877,US/Pacific
KMHR,CA,Sacramento,38.56,-121.284,US/Pacific
KMHV,CA,Kern,35.0594,-118.1519,US/Pacific
KMLP,ID,Shoshone County,47.4542,-115.6697,US/Pacific
KMMH,CA,Mono,37.624,-118.838,US/Pacific
KMMV,OR,Yamhill,45.1945,-123.1361,US/Pacific
KMYF,CA,San Diego,32.8157,-117.1396,US/Pacific
KNFG,CA,San Diego,33.3013,-117.3551,US/Pacific
KNFL,NV,Churchill,39.4166,-118.701,US/Pacific
KNID,CA,Kern,35.6854,-117.692,US/Pacific
KNKX,CA,San Diego,32.8645,-117.1366,US/Pacific
KNLC,CA,Kings,36.3024,-119.9397,US/Pacific
KNRS,CA,San Diego,32.563,-117.1109,US/Pacific
KNSI,CA,Ventura County,33.2338,-119.4559,US/Pacific
KNUQ,CA,Santa Clara,37.4059,-122.049,US/Pacific
KNXP,CA,San Bernardino,34.294,-116.1472,US/Pacific
KNZY,CA,San Diego,32.6922,-117.2098,US/Pacific
KO54,CA,Trinity,40.746,-122.9223,US/Pacific
KO86,CA,Trinity,40.9845,-122.6934,US/Pacific
KO87,CA,Humboldt,40.0167,-124.0667,US/Pacific
KOKB,CA,San Diego,33.2194,-117.3494,US/Pacific
KOKH,WA,Island,48.2515,-122.6737,US/Pacific
KOLM,WA,Thurston,46.9733,-122.9033,US/Pacific
KONP,OR,Lincoln,44.5804,-124.0579,US/Pacific
KONT,CA,San Bernardino,34.0532,-117.5768,US/Pacific
KP38,NV,Lincoln,37.6122,-114.5264,US/Pacific
KPDT,OR,Umatilla,45.6976,-118.8344,US/Pacific
KPLU,WA,Pierce,47.1039,-122.2872,US/Pacific
KPMD,CA,Los Angeles,34.6294,-118.0831,US/Pacific
KPSP,CA,Riverside,33.8222,-116.5043,US/Pacific
KRAL,CA,Riverside,33.953,-117.4349,US/Pacific
KRBG,OR,Douglas,43.2337,-123.3577,US/Pacific
KRBL,CA,Tehama,40.1519,-122.2548,US/Pacific
KRDD,CA,Shasta,40.5146,-122.2977,US/Pacific
KRDM,OR,Deschutes,44.2559,-121.1406,US/Pacific
KREO,OR,Malheur,42.5902,-117.8646,US/Pacific
KRIV,CA,Riverside,33.9,-117.25,US/Pacific
KRNO,NV,Washoe,39.5078,-119.7682,US/Pacific
KRNT,WA,King,47.4951,-122.2144,US/Pacific
KRTS,NV,Washoe,39.6682,-119.8764,US/Pacific
KS47,OR,Tillamook,45.4175,-123.8087,US/Pacific
KSAN,CA,San Diego,32.7339,-117.1845,US/Pacific
KSBA,CA,Santa Barbara,34.4241,-119.8425,US/Pacific
KSBD,CA,San Bernardino,34.0903,-117.2471,US/Pacific
KSDM,CA,San Diego,32.5723,-116.9802,US/Pacific
KSEA,WA,King,47.4447,-122.3144,US/Pacific
KSFF,WA,Spokane,47.6828,-117.3226,US/Pacific
KSHN,WA,Mason,47.2381,-123.1408,US/Pacific
KSIY,CA,Siskiyou,41.7737,-122.4682,US/Pacific
KSLE,OR,Marion,44.9049,-123.001,US/Pacific
KSMP,WA,King,47.2765,-121.3382,US/Pacific
KSNA,CA,Orange,33.6798,-117.8674,US/Pacific
KSPB,OR,Columbia,45.7691,-122.8637,US/Pacific
KSTS,CA,Sonoma,38.5037,-122.811,US/Pacific
KSZT,ID,Bonner,48.2994,-116.56,US/Pacific
KTCM,WA,Pierce,47.1377,-122.4765,US/Pacific
KTOA,CA,Los Angeles,33.8034,-118.3396,US/Pacific
KTPH,NV,Nye,38.0505,-117.0904,US/Pacific
KTRM,CA,Riverside,33.6267,-116.1594,US/Pacific
KTSP,CA,Kern,35.135,-118.4392,US/Pacific
KU31,NV,Lander,39.5,-117.0833,US/Pacific
KUKI,CA,Mendocino,39.1278,-123.2001,US/Pacific
KVIS,CA,Tulare,36.3135,-119.3884,US/Pacific
KVNY,CA,Los Angeles,34.2156,-118.4917,US/Pacific
KVUO,WA,Clark,45.621,-122.6542,US/Pacific
KWHP,CA,Los Angeles,34.2593,-118.4134,US/Pacific
KWMC,NV,Humboldt,40.9018,-117.8082,US/Pacific
KWVI,CA,Santa Cruz,36.9394,-121.79,US/Pacific
KYKM,WA,Yakima,46.564,-120.5348,US/Pacific
